ID,Nombre,Email,Telefono,Fecha_Registro
1,Isabella Fernandez,isabella.fernandez1@gmail.com,+54 15 2869 3761,2026-01-02
2,Catalina Perez,catalina.perez2@gmail.com,+54 9 3538 1682,2025-08-26
3,Agustina Rojas,agustina.rojas3@gmail.com,+54 15 2224 6769,2025-10-13
4,Emanuel Gonzalez,emanuel.gonzalez4@gmail.com,+54 15 2793 7477,2024-08-30
5,Catalina Perez,catalina.perez5@gmail.com,+54 15 2169 2437,2025-04-06
6,Maximo Avila,maximo.avila6@gmail.com,+54 15 2159 7163,2024-11-29
7,Lisandro Perez,lisandro.perez7@gmail.com,+54 9 3193 5448,2025-03-10
8,Santino Paez,santino.paez8@gmail.com,+54 9 3356 2702,2025-05-30
9,Benjamin Rojas,benjamin.rojas9@gmail.com,+54 15 2902 9355,2025-06-16
10,Maria Victoria Ojeda,maria.victoria.ojeda10@gmail.com,+54 9 3569 9621,2024-06-27
11,Malena Moreno,malena.moreno11@gmail.com,+54 9 3439 7850,2025-11-16
12,Maria Paz Miranda,maria.paz.miranda12@gmail.com,+54 9 3908 6170,2025-02-03
13,Valentina Cardozo,valentina.cardozo13@gmail.com,+54 9 3592 4802,2026-03-23
14,Santiago Rodriguez,santiago.rodriguez14@gmail.com,+54 15 2383 3549,2025-02-18
15,Emilia Fernandez,emilia.fernandez15@gmail.com,+54 15 2202 8328,2025-05-23
16,Antonia Rodriguez,antonia.rodriguez16@gmail.com,+54 9 3304 2266,2024-08-29
17,Mateo Joaquin Navarro,mateo.joaquin.navarro17@gmail.com,+54 15 2132 5594,2024-08-10
18,Ramiro Torres,ramiro.torres18@gmail.com,+54 9 3642 3109,2025-05-04
19,Giuliana Juarez,giuliana.juarez19@gmail.com,+54 9 3917 4419,2026-03-14
20,Ignacio Torres,ignacio.torres20@gmail.com,+54 9 3895 1027,2024-12-20
21,Olivia Nuñez,olivia.nunez21@gmail.com,+54 9 3264 6389,2025-12-16
22,Luna Cordoba,luna.cordoba22@gmail.com,+54 15 2450 5813,2025-04-15
23,Sofia Belen Dominguez,sofia.belen.dominguez23@gmail.com,+54 15 2929 5831,2025-08-14
24,Paloma Escobar,paloma.escobar24@gmail.com,+54 9 3881 7260,2026-01-28
25,Emilia Velazquez,emilia.velazquez25@gmail.com,+54 9 3666 3442,2025-02-22
26,Pilar Herrera,pilar.herrera26@gmail.com,+54 9 3348 4741,2026-05-17
27,Mateo Gimenez,mateo.gimenez27@gmail.com,+54 15 2667 4955,2024-09-26
28,Elena Rodriguez,elena.rodriguez28@gmail.com,+54 15 2270 7222,2025-05-26
29,Helena Gomez,helena.gomez29@gmail.com,+54 9 3138 9764,2026-06-10
30,Valentino Quiroga,valentino.quiroga30@gmail.com,+54 15 2541 8775,2025-02-17
31,Camila Caceres,camila.caceres31@gmail.com,+54 15 2490 4168,2025-08-03
32,Thiago Nahuel Dominguez,thiago.nahuel.dominguez32@gmail.com,+54 15 2447 4055,2026-04-27
33,Felipe Medina,felipe.medina33@gmail.com,+54 9 3511 9993,2025-08-14
34,Santiago Godoy,santiago.godoy34@gmail.com,+54 15 2910 1419,2026-05-12
35,Agustín Coronel,agustin.coronel35@gmail.com,+54 9 3689 0109,2026-01-01
36,Paloma Garcia,paloma.garcia36@gmail.com,+54 15 2613 6419,2025-10-05
37,Francisco Ledesma,francisco.ledesma37@gmail.com,+54 15 2495 2232,2024-12-27
38,Luz Milagros Gomez,luz.milagros.gomez38@gmail.com,+54 9 3990 7605,2025-07-31
39,Valentina Rodriguez,valentina.rodriguez39@gmail.com,+54 9 3642 3061,2026-02-11
40,Lautaro Gonzalez,lautaro.gonzalez40@gmail.com,+54 9 3475 5725,2025-08-22
41,Martín Perez,martin.perez41@gmail.com,+54 9 3320 5972,2024-11-16
42,Franco Diaz,franco.diaz42@gmail.com,+54 15 2376 3394,2025-06-19
43,Catalina Benitez,catalina.benitez43@gmail.com,+54 9 3608 2470,2024-07-17
44,Luciano Lopez,luciano.lopez44@gmail.com,+54 9 3184 3413,2025-11-06
45,Felicitas Mendoza,felicitas.mendoza45@gmail.com,+54 9 3436 6831,2025-12-17
46,Francisco Ramos,francisco.ramos46@gmail.com,+54 9 3310 7627,2024-08-21
47,Ana Paula Gonzalez,ana.paula.gonzalez47@gmail.com,+54 9 3251 1973,2025-02-14
48,Lorenzo Correa,lorenzo.correa48@gmail.com,+54 9 3582 9723,2025-05-23
49,Francesco Torres,francesco.torres49@gmail.com,+54 15 2354 7037,2025-03-18
50,Agustina Villalba,agustina.villalba50@gmail.com,+54 9 3558 6331,2025-01-10
51,Milena Castro,milena.castro51@gmail.com,+54 9 3137 6971,2025-05-02
52,Maria Belen Sanchez,maria.belen.sanchez52@gmail.com,+54 9 3618 4857,2024-12-30
53,Agustina Fernandez,agustina.fernandez53@gmail.com,+54 15 2316 5391,2026-03-12
54,Santino Gomez,santino.gomez54@gmail.com,+54 9 3435 4437,2025-04-02
55,Tiziano Benjamin Romero,tiziano.benjamin.romero55@gmail.com,+54 15 2455 1697,2026-03-19
56,Tiziano Valentin Duarte,tiziano.valentin.duarte56@gmail.com,+54 9 3352 4199,2025-07-09
57,Matilda Sosa,matilda.sosa57@gmail.com,+54 9 3297 4254,2025-07-22
58,Benicio Gonzalez,benicio.gonzalez58@gmail.com,+54 9 3697 4138,2025-10-01
59,Bautista Sosa,bautista.sosa59@gmail.com,+54 9 3359 8931,2024-08-20
60,Ramiro Bravo,ramiro.bravo60@gmail.com,+54 9 3556 1996,2026-05-02
61,Julieta Rodriguez,julieta.rodriguez61@gmail.com,+54 9 3514 0437,2025-04-06
62,Juan Aguirre,juan.aguirre62@gmail.com,+54 9 3262 2084,2024-07-26
63,Sofia Ponce,sofia.ponce63@gmail.com,+54 9 3411 9431,2024-11-15
64,Simon Rojas,simon.rojas64@gmail.com,+54 15 2875 4679,2025-12-24
65,Mateo Soto,mateo.soto65@gmail.com,+54 9 3455 4990,2024-11-05
66,Guadalupe Coronel,guadalupe.coronel66@gmail.com,+54 15 2700 5478,2025-04-11
67,Mateo Pereyra,mateo.pereyra67@gmail.com,+54 9 3565 9344,2024-10-11
68,Agustina Duarte,agustina.duarte68@gmail.com,+54 15 2201 8597,2025-09-29
69,Dylan Medina,dylan.medina69@gmail.com,+54 9 3860 0615,2025-10-27
70,Thiago Emanuel Vargas,thiago.emanuel.vargas70@gmail.com,+54 15 2285 1597,2024-08-14
71,Valentina  Vazquez,valentina..vazquez71@gmail.com,+54 15 2280 4801,2025-01-25
72,Martina Rojas,martina.rojas72@gmail.com,+54 15 2470 5000,2026-05-20
73,Matilda Caceres,matilda.caceres73@gmail.com,+54 15 2804 5178,2026-05-01
74,Luz Milagros Rios,luz.milagros.rios74@gmail.com,+54 15 2843 6890,2025-09-10
75,Sofia Navarro,sofia.navarro75@gmail.com,+54 15 2746 7326,2025-06-19
76,Santino Lopez,santino.lopez76@gmail.com,+54 15 2990 3924,2024-08-25
77,Oriana Torres,oriana.torres77@gmail.com,+54 15 2697 6829,2025-01-22
78,Jazmín Herrera,jazmin.herrera78@gmail.com,+54 15 2963 7149,2025-01-17
79,Ciro Paz,ciro.paz79@gmail.com,+54 9 3252 0110,2025-08-11
80,Luca Paz,luca.paz80@gmail.com,+54 15 2418 2736,2025-01-24
81,Jeremias Vega,jeremias.vega81@gmail.com,+54 9 3325 5112,2026-02-20
82,Alma Medina,alma.medina82@gmail.com,+54 9 3228 4968,2025-09-16
83,Juan Martin Sanchez,juan.martin.sanchez83@gmail.com,+54 15 2242 6511,2024-10-14
84,Victoria Rodriguez,victoria.rodriguez84@gmail.com,+54 9 3236 8381,2024-10-20
85,Francesca Gomez,francesca.gomez85@gmail.com,+54 9 3492 4902,2026-01-07
86,Emma Medina,emma.medina86@gmail.com,+54 15 2302 0379,2026-01-01
87,Guillermina Escobar,guillermina.escobar87@gmail.com,+54 15 2261 6156,2025-10-28
88,Thiago Valentin Ortiz,thiago.valentin.ortiz88@gmail.com,+54 9 3792 5852,2024-10-14
89,Luciana Torres,luciana.torres89@gmail.com,+54 9 3939 1705,2025-03-06
90,Benjamin Bravo,benjamin.bravo90@gmail.com,+54 15 2204 7959,2025-08-25
91,Benicio Franco,benicio.franco91@gmail.com,+54 15 2823 4298,2024-07-23
92,Abril Miranda,abril.miranda92@gmail.com,+54 9 3575 9971,2024-08-16
93,Carmela Chavez,carmela.chavez93@gmail.com,+54 15 2650 1614,2024-08-26
94,Alma Rojas,alma.rojas94@gmail.com,+54 15 2292 4876,2025-01-25
95,Lautaro Nicolas Lopez,lautaro.nicolas.lopez95@gmail.com,+54 9 3738 6051,2025-03-20
96,Mateo Diaz,mateo.diaz96@gmail.com,+54 9 3624 5015,2025-05-08
97,Mateo Benjamin Sosa,mateo.benjamin.sosa97@gmail.com,+54 15 2399 8597,2026-05-21
98,Lucio Ojeda,lucio.ojeda98@gmail.com,+54 15 2484 8569,2024-11-15
99,Miguel Angel Godoy,miguel.angel.godoy99@gmail.com,+54 9 3650 1098,2025-04-15
100,Mateo Benjamin Villalba,mateo.benjamin.villalba100@gmail.com,+54 15 2676 9827,2025-07-20
101,Juan Pablo Alvarez,juan.pablo.alvarez101@gmail.com,+54 15 2360 2046,2024-08-27
102,Lisandro Diaz,lisandro.diaz102@gmail.com,+54 15 2600 1125,2025-03-01
103,Maite Alvarez,maite.alvarez103@gmail.com,+54 15 2365 1632,2026-05-21
104,Valentino Ferreyra,valentino.ferreyra104@gmail.com,+54 9 3338 1356,2024-11-12
105,Agostina Peralta,agostina.peralta105@gmail.com,+54 9 3473 8693,2025-01-16
106,Julieta Fernandez,julieta.fernandez106@gmail.com,+54 9 3584 3568,2024-11-28
107,Joaquin Ortiz,joaquin.ortiz107@gmail.com,+54 9 3428 8992,2024-08-06
108,Mia Valentina Gonzalez,mia.valentina.gonzalez108@gmail.com,+54 15 2923 8810,2024-08-21
109,Luciana Castro,luciana.castro109@gmail.com,+54 9 3629 6926,2024-11-19
110,Lautaro Nahuel Mendoza,lautaro.nahuel.mendoza110@gmail.com,+54 15 2297 9297,2026-03-29
111,Martina Cruz,martina.cruz111@gmail.com,+54 9 3729 7065,2025-03-22
112,Emilia Rodriguez,emilia.rodriguez112@gmail.com,+54 9 3747 5294,2025-04-16
113,Lisandro Paz,lisandro.paz113@gmail.com,+54 15 2599 9781,2025-10-24
114,Sofía Romero,sofia.romero114@gmail.com,+54 9 3953 8190,2024-09-21
115,Simon Pereyra,simon.pereyra115@gmail.com,+54 15 2284 8015,2025-05-30
116,Sara Martinez,sara.martinez116@gmail.com,+54 15 2406 0205,2026-04-29
117,Benjamin Ferreyra,benjamin.ferreyra117@gmail.com,+54 9 3778 2871,2025-08-22
118,Emilia Molina,emilia.molina118@gmail.com,+54 15 2974 2709,2026-06-06
119,Thiago Ezequiel Morales,thiago.ezequiel.morales119@gmail.com,+54 9 3950 0420,2025-11-01
120,Santino Ezequiel Gonzalez,santino.ezequiel.gonzalez120@gmail.com,+54 15 2811 6913,2026-05-01
121,Bruno Escobar,bruno.escobar121@gmail.com,+54 9 3920 1210,2024-09-29
122,Valentino Moreno,valentino.moreno122@gmail.com,+54 15 2779 9295,2025-03-19
123,Tomàs Diaz,tomas.diaz123@gmail.com,+54 15 2857 2420,2025-12-12
124,Santino Benjamin Flores,santino.benjamin.flores124@gmail.com,+54 15 2143 5892,2024-07-05
125,Pedro Suarez,pedro.suarez125@gmail.com,+54 9 3203 8674,2025-06-15
126,Thiago Emanuel Fernandez,thiago.emanuel.fernandez126@gmail.com,+54 15 2302 3120,2025-08-10
127,Tiziano Diaz,tiziano.diaz127@gmail.com,+54 9 3238 8467,2025-11-06
128,Pedro Paez,pedro.paez128@gmail.com,+54 9 3955 0671,2025-09-05
129,Juan Gabriel Maidana,juan.gabriel.maidana129@gmail.com,+54 15 2496 9982,2025-09-04
130,Lara Moyano,lara.moyano130@gmail.com,+54 15 2356 8646,2025-02-07
131,Mateo Gonzalez,mateo.gonzalez131@gmail.com,+54 9 3275 7261,2026-03-22
132,Santiago Martinez,santiago.martinez132@gmail.com,+54 15 2737 2969,2026-05-22
133,Santino Perez,santino.perez133@gmail.com,+54 9 3794 6267,2026-04-27
134,Santino Romero,santino.romero134@gmail.com,+54 15 2201 8431,2025-07-13
135,Lucas Ortiz,lucas.ortiz135@gmail.com,+54 15 2456 2417,2026-01-25
136,Benjamin Gomez,benjamin.gomez136@gmail.com,+54 15 2736 9105,2026-04-20
137,Milo Gonzalez,milo.gonzalez137@gmail.com,+54 15 2903 4072,2024-06-28
138,Ramiro Figueroa,ramiro.figueroa138@gmail.com,+54 15 2145 9031,2024-06-25
139,Lola Perez,lola.perez139@gmail.com,+54 9 3898 4596,2025-12-24
140,Tiziano Gomez,tiziano.gomez140@gmail.com,+54 15 2743 2818,2025-11-22
141,Ignacio Torres,ignacio.torres141@gmail.com,+54 9 3172 3771,2024-08-23
142,Santino Agustin Gomez,santino.agustin.gomez142@gmail.com,+54 9 3773 4938,2024-12-09
143,Juan Ignacio Martinez,juan.ignacio.martinez143@gmail.com,+54 9 3671 8755,2024-08-13
144,Sofía Gomez,sofia.gomez144@gmail.com,+54 15 2373 0134,2026-05-12
145,Zoe Vazquez,zoe.vazquez145@gmail.com,+54 9 3719 0275,2025-01-27
146,Maria Victoria Soto,maria.victoria.soto146@gmail.com,+54 15 2237 7359,2024-07-21
147,Luciano Benjamin Alvarez,luciano.benjamin.alvarez147@gmail.com,+54 9 3421 8102,2026-06-10
148,Tomàs Fernandez,tomas.fernandez148@gmail.com,+54 9 3624 5870,2025-04-22
149,Maria Victoria Sosa,maria.victoria.sosa149@gmail.com,+54 15 2823 7966,2026-04-23
150,Paula Escobar,paula.escobar150@gmail.com,+54 9 3608 7193,2026-01-21
151,Martina Vega,martina.vega151@gmail.com,+54 15 2556 1749,2024-08-26
152,Juan Cruz Vazquez,juan.cruz.vazquez152@gmail.com,+54 15 2764 6994,2024-09-06
153,Victoria Lopez,victoria.lopez153@gmail.com,+54 15 2625 9079,2024-11-17
154,Jazmin Peralta,jazmin.peralta154@gmail.com,+54 9 3482 5454,2025-12-31
155,Emma Coronel,emma.coronel155@gmail.com,+54 9 3199 9185,2024-08-15
156,Mia Navarro,mia.navarro156@gmail.com,+54 15 2994 5425,2025-04-04
157,Santiago Rodriguez,santiago.rodriguez157@gmail.com,+54 9 3826 3732,2025-07-23
158,Valentino Dominguez,valentino.dominguez158@gmail.com,+54 15 2751 5907,2024-09-15
159,Francisco Perez,francisco.perez159@gmail.com,+54 9 3977 4592,2025-05-08
160,Olivia Herrera,olivia.herrera160@gmail.com,+54 15 2699 1945,2025-02-05
161,Helena Gonzalez,helena.gonzalez161@gmail.com,+54 15 2603 4465,2024-09-30
162,Valentino Cruz,valentino.cruz162@gmail.com,+54 9 3791 5580,2024-12-06
163,Maximiliano Maldonado,maximiliano.maldonado163@gmail.com,+54 15 2604 7201,2026-01-27
164,Facundo Alvarez,facundo.alvarez164@gmail.com,+54 15 2568 6507,2025-05-20
165,Benjamin Castro,benjamin.castro165@gmail.com,+54 15 2945 2290,2024-12-18
166,Maria Belen Alvarez,maria.belen.alvarez166@gmail.com,+54 15 2517 6702,2025-05-04
167,Juliana Navarro,juliana.navarro167@gmail.com,+54 9 3118 9676,2026-05-11
168,Felicitas Romero,felicitas.romero168@gmail.com,+54 9 3122 1126,2025-02-13
169,Olivia Acosta,olivia.acosta169@gmail.com,+54 9 3247 5099,2025-08-21
170,Simon Garcia,simon.garcia170@gmail.com,+54 9 3310 8044,2026-04-05
171,Miguel Angel Gomez,miguel.angel.gomez171@gmail.com,+54 9 3827 2081,2025-08-08
172,Mia Lopez,mia.lopez172@gmail.com,+54 9 3579 0717,2025-05-23
173,Mateo Valentin Diaz,mateo.valentin.diaz173@gmail.com,+54 9 3345 4076,2025-04-18
174,Bautista Aguirre,bautista.aguirre174@gmail.com,+54 9 3343 6738,2026-02-05
175,Paloma Acosta,paloma.acosta175@gmail.com,+54 9 3673 2748,2024-10-27
176,Thiago Castillo,thiago.castillo176@gmail.com,+54 15 2954 1371,2024-11-14
177,Alma Dominguez,alma.dominguez177@gmail.com,+54 15 2666 5088,2025-11-28
178,Luciano Quiroga,luciano.quiroga178@gmail.com,+54 15 2238 8647,2025-07-06
179,Morena Jazmin Duarte,morena.jazmin.duarte179@gmail.com,+54 15 2615 3615,2025-01-28
180,Alma Valentina Gonzalez,alma.valentina.gonzalez180@gmail.com,+54 15 2566 8616,2026-02-06
181,Tiziano Valentin Rojas,tiziano.valentin.rojas181@gmail.com,+54 9 3630 0266,2025-05-22
182,Valentino Fernandez,valentino.fernandez182@gmail.com,+54 9 3572 4998,2025-04-30
183,Agustin Romero,agustin.romero183@gmail.com,+54 15 2630 7798,2025-08-20
184,Agustín Martinez,agustin.martinez184@gmail.com,+54 9 3952 2406,2025-01-21
185,Thiago Emanuel Miranda,thiago.emanuel.miranda185@gmail.com,+54 9 3965 2055,2026-04-20
186,Faustino Rios,faustino.rios186@gmail.com,+54 15 2185 3523,2026-04-02
187,Valentina Fernandez,valentina.fernandez187@gmail.com,+54 9 3201 0808,2024-12-17
188,Ambar Quiroga,ambar.quiroga188@gmail.com,+54 15 2370 2233,2025-08-07
189,Emiliano Romero,emiliano.romero189@gmail.com,+54 15 2718 3151,2025-12-25
190,Santino Vega,santino.vega190@gmail.com,+54 15 2230 4520,2024-08-20
191,Felipe Ferreyra,felipe.ferreyra191@gmail.com,+54 15 2202 1811,2025-05-22
192,Isabella Gimenez,isabella.gimenez192@gmail.com,+54 15 2862 7907,2025-01-06
193,Thiago Agustin Correa,thiago.agustin.correa193@gmail.com,+54 9 3371 6999,2025-08-13
194,Zoe Perez,zoe.perez194@gmail.com,+54 15 2133 4883,2026-03-14
195,Tomas Lopez,tomas.lopez195@gmail.com,+54 9 3611 2112,2026-06-04
196,Bautista Benjamin Sanchez,bautista.benjamin.sanchez196@gmail.com,+54 9 3747 8853,2025-07-14
197,Benjamin Maidana,benjamin.maidana197@gmail.com,+54 15 2562 2937,2025-08-09
198,Camila Sanchez,camila.sanchez198@gmail.com,+54 15 2396 2971,2026-05-02
199,Vicente Romero,vicente.romero199@gmail.com,+54 9 3493 3446,2025-04-20
200,Maia Perez,maia.perez200@gmail.com,+54 9 3267 7610,2024-07-26
201,Constanza Fernandez,constanza.fernandez201@gmail.com,+54 9 3995 5876,2024-12-04
202,Thiago Muñoz,thiago.munoz202@gmail.com,+54 15 2759 6903,2024-10-09
203,Martín Alvarez,martin.alvarez203@gmail.com,+54 9 3919 8284,2025-08-15
204,Josefina Rodriguez,josefina.rodriguez204@gmail.com,+54 9 3205 4743,2026-03-27
205,Alma Jazmin Torres,alma.jazmin.torres205@gmail.com,+54 9 3720 3789,2025-04-14
206,Santino Ruiz,santino.ruiz206@gmail.com,+54 9 3424 9384,2025-06-11
207,Bruno Ruiz,bruno.ruiz207@gmail.com,+54 15 2799 0765,2026-02-04
208,Joaquin Peralta,joaquin.peralta208@gmail.com,+54 15 2367 1875,2025-06-24
209,Francisca Miranda,francisca.miranda209@gmail.com,+54 15 2974 7625,2024-12-03
210,Tomàs Torres,tomas.torres210@gmail.com,+54 9 3600 9127,2025-03-27
211,Renata Quiroga,renata.quiroga211@gmail.com,+54 9 3553 4596,2025-09-20
212,Benjamin Martinez,benjamin.martinez212@gmail.com,+54 9 3965 1645,2026-05-03
213,Valentin Moreno,valentin.moreno213@gmail.com,+54 15 2616 7132,2025-07-08
214,Juan Bautista Juarez,juan.bautista.juarez214@gmail.com,+54 15 2360 7497,2024-12-19
215,Tiziano Cabrera,tiziano.cabrera215@gmail.com,+54 9 3491 1902,2024-07-16
216,Mateo Rodriguez,mateo.rodriguez216@gmail.com,+54 15 2168 0089,2025-11-26
217,Catalina Carrizo,catalina.carrizo217@gmail.com,+54 15 2669 0175,2024-07-21
218,Dylan Benjamin Gomez,dylan.benjamin.gomez218@gmail.com,+54 9 3361 4800,2025-11-05
219,Violeta Godoy,violeta.godoy219@gmail.com,+54 15 2121 4343,2025-02-28
220,Tiziano Bustos,tiziano.bustos220@gmail.com,+54 15 2860 4059,2024-10-09
221,Ian Ezequiel Ramos,ian.ezequiel.ramos221@gmail.com,+54 9 3776 4138,2026-04-22
222,Thiago Ezequiel Cardozo,thiago.ezequiel.cardozo222@gmail.com,+54 9 3216 2095,2025-08-11
223,Luz Maria Ojeda,luz.maria.ojeda223@gmail.com,+54 15 2824 4690,2025-10-04
224,Benjamin Romero,benjamin.romero224@gmail.com,+54 15 2765 6203,2025-11-19
225,Valentina Quiroga,valentina.quiroga225@gmail.com,+54 15 2307 1574,2024-07-18
226,Santino Rodriguez,santino.rodriguez226@gmail.com,+54 9 3349 3450,2025-02-08
227,Lucio Sanchez,lucio.sanchez227@gmail.com,+54 15 2873 0628,2024-12-07
228,Mia Quiroga,mia.quiroga228@gmail.com,+54 15 2972 8851,2026-03-09
229,Alma Valentina Diaz,alma.valentina.diaz229@gmail.com,+54 15 2382 1234,2026-01-12
230,Ivan Gutierrez,ivan.gutierrez230@gmail.com,+54 9 3624 3678,2026-05-05
231,Charo Lucero,charo.lucero231@gmail.com,+54 15 2352 7830,2025-03-29
232,Nahiara Rodriguez,nahiara.rodriguez232@gmail.com,+54 9 3420 9170,2024-12-18
233,Nina Rodriguez,nina.rodriguez233@gmail.com,+54 9 3555 5739,2026-01-03
234,Lautaro Benjamin Acosta,lautaro.benjamin.acosta234@gmail.com,+54 15 2290 4417,2025-10-19
235,Valentin Martinez,valentin.martinez235@gmail.com,+54 15 2371 9454,2026-02-21
236,Thiago Benjamin Vazquez,thiago.benjamin.vazquez236@gmail.com,+54 15 2573 2854,2024-08-26
237,Samuel Gomez,samuel.gomez237@gmail.com,+54 9 3939 7125,2024-07-09
238,Ramiro Ramirez,ramiro.ramirez238@gmail.com,+54 15 2376 6973,2025-11-26
239,Thiago Benjamin Sanchez,thiago.benjamin.sanchez239@gmail.com,+54 9 3396 8630,2025-10-17
240,Manuel Ruiz,manuel.ruiz240@gmail.com,+54 15 2346 9823,2024-09-28
241,Santino Ezequiel Cabrera,santino.ezequiel.cabrera241@gmail.com,+54 9 3345 9555,2025-10-13
242,Ivan Godoy,ivan.godoy242@gmail.com,+54 9 3685 8665,2026-03-10
243,Alma Fernandez,alma.fernandez243@gmail.com,+54 15 2536 0721,2025-10-24
244,Lucía  Acuña,lucia..acuna244@gmail.com,+54 9 3669 3421,2025-03-13
245,Tiziano Benjamin Suarez,tiziano.benjamin.suarez245@gmail.com,+54 9 3111 6671,2026-01-07
246,Matias Sanchez,matias.sanchez246@gmail.com,+54 15 2351 0228,2025-05-27
247,Bautista Romero,bautista.romero247@gmail.com,+54 15 2869 3048,2025-06-13
248,Tiziano Benjamin Ramirez,tiziano.benjamin.ramirez248@gmail.com,+54 9 3553 5044,2026-05-03
249,Nahiara Jazmin Ruiz,nahiara.jazmin.ruiz249@gmail.com,+54 15 2364 1639,2025-09-07
250,Maria Victoria Cabrera,maria.victoria.cabrera250@gmail.com,+54 9 3946 6567,2024-08-07
251,Guillermina Fernandez,guillermina.fernandez251@gmail.com,+54 15 2782 7094,2025-07-21
252,Kiara Ruiz,kiara.ruiz252@gmail.com,+54 15 2326 5610,2024-08-17
253,Lautaro Benjamin Bravo,lautaro.benjamin.bravo253@gmail.com,+54 9 3990 7785,2026-01-24
254,Bautista Perez,bautista.perez254@gmail.com,+54 15 2201 8529,2025-11-19
255,Maximo Romero,maximo.romero255@gmail.com,+54 15 2697 2408,2026-01-22
256,Alma Roldan,alma.roldan256@gmail.com,+54 9 3666 7042,2025-03-31
257,Benjamin Alejandro Moyano,benjamin.alejandro.moyano257@gmail.com,+54 15 2225 7351,2025-03-15
258,Guadalupe Luna,guadalupe.luna258@gmail.com,+54 9 3505 5716,2025-09-03
259,Clara Maldonado,clara.maldonado259@gmail.com,+54 9 3591 7497,2025-12-09
260,Santino Diaz,santino.diaz260@gmail.com,+54 15 2183 2043,2024-08-22
261,Ana Paula Gomez,ana.paula.gomez261@gmail.com,+54 15 2922 1998,2026-01-14
262,Facundo Correa,facundo.correa262@gmail.com,+54 9 3651 2549,2024-10-05
263,Valentina Fernandez,valentina.fernandez263@gmail.com,+54 15 2249 2748,2025-11-14
264,Jazmin Rivero,jazmin.rivero264@gmail.com,+54 15 2400 8400,2026-04-27
265,Lorenzo Herrera,lorenzo.herrera265@gmail.com,+54 9 3227 4755,2026-06-05
266,Tomas Romero,tomas.romero266@gmail.com,+54 15 2573 7987,2025-02-20
267,Lautaro Ramirez,lautaro.ramirez267@gmail.com,+54 15 2182 4631,2024-08-22
268,Julieta Ramirez,julieta.ramirez268@gmail.com,+54 15 2267 8045,2025-10-05
269,Paloma Lopez,paloma.lopez269@gmail.com,+54 15 2568 2071,2026-05-18
270,Guillermina Gimenez,guillermina.gimenez270@gmail.com,+54 9 3144 6682,2024-12-14
271,Lucio Benitez,lucio.benitez271@gmail.com,+54 15 2524 9180,2024-07-11
272,Thiago Soto,thiago.soto272@gmail.com,+54 9 3608 1317,2025-01-30
273,Martina Gomez,martina.gomez273@gmail.com,+54 9 3436 4574,2024-08-07
274,Thiago Leonel Cordoba,thiago.leonel.cordoba274@gmail.com,+54 15 2143 6657,2025-01-14
275,Valentina Maldonado,valentina.maldonado275@gmail.com,+54 15 2686 0938,2024-09-04
276,Maximo Romero,maximo.romero276@gmail.com,+54 15 2192 6270,2026-01-29
277,Valentin Diaz,valentin.diaz277@gmail.com,+54 9 3435 2270,2024-11-27
278,Julia Moreno,julia.moreno278@gmail.com,+54 9 3103 4158,2024-11-10
279,Francisco Guzman,francisco.guzman279@gmail.com,+54 9 3424 7383,2025-05-04
280,Bautista Benjamin Ferreyra,bautista.benjamin.ferreyra280@gmail.com,+54 9 3490 8542,2025-03-03
281,Juan Martin Perez,juan.martin.perez281@gmail.com,+54 9 3723 1341,2024-10-19
282,Santiago Leiva,santiago.leiva282@gmail.com,+54 15 2139 6622,2024-12-29
283,Valentino Gimenez,valentino.gimenez283@gmail.com,+54 15 2683 2276,2025-04-24
284,Thiago Nicolas Ramirez,thiago.nicolas.ramirez284@gmail.com,+54 9 3997 7717,2024-11-21
285,Luca Sanchez,luca.sanchez285@gmail.com,+54 9 3301 7764,2025-03-19
286,Bruno Diaz,bruno.diaz286@gmail.com,+54 9 3929 3291,2024-11-28
287,Santiago Blanco,santiago.blanco287@gmail.com,+54 15 2765 8508,2024-07-29
288,Manuel Toledo,manuel.toledo288@gmail.com,+54 15 2273 8840,2025-01-24
289,Lucia Alvarez,lucia.alvarez289@gmail.com,+54 15 2214 8813,2025-04-11
290,Emilia Flores,emilia.flores290@gmail.com,+54 15 2504 9318,2026-03-10
291,Luca Fernandez,luca.fernandez291@gmail.com,+54 15 2237 2128,2024-07-13
292,Lautaro Nicolas Romero,lautaro.nicolas.romero292@gmail.com,+54 15 2694 1569,2025-01-07
293,Sofia Fernandez,sofia.fernandez293@gmail.com,+54 9 3884 4365,2024-10-30
294,Benjamin Diaz,benjamin.diaz294@gmail.com,+54 9 3667 5332,2025-05-22
295,Santino Cardozo,santino.cardozo295@gmail.com,+54 9 3483 6496,2025-04-02
296,Juan Martin Gonzalez,juan.martin.gonzalez296@gmail.com,+54 9 3282 6826,2024-07-30
297,Sofia Coronel,sofia.coronel297@gmail.com,+54 9 3823 4925,2026-01-04
298,Paula Gonzalez,paula.gonzalez298@gmail.com,+54 15 2457 6482,2025-01-27
299,Maria Guadalupe Gutierrez,maria.guadalupe.gutierrez299@gmail.com,+54 9 3719 9539,2025-01-05
300,Oriana Vega,oriana.vega300@gmail.com,+54 15 2804 6583,2025-08-23
301,Mateo Carrizo,mateo.carrizo301@gmail.com,+54 15 2818 0143,2026-02-02
302,Bautista Arias,bautista.arias302@gmail.com,+54 15 2251 1220,2026-03-02
303,Benjamin Toledo,benjamin.toledo303@gmail.com,+54 15 2952 2200,2025-08-01
304,Benjamin Alejandro Martinez,benjamin.alejandro.martinez304@gmail.com,+54 15 2961 6437,2024-10-16
305,Mateo Gonzalez,mateo.gonzalez305@gmail.com,+54 15 2928 0743,2026-04-06
306,Felipe Ruiz,felipe.ruiz306@gmail.com,+54 9 3321 7693,2024-10-05
307,Julieta Ortiz,julieta.ortiz307@gmail.com,+54 9 3368 4776,2025-03-15
308,Antonia Leiva,antonia.leiva308@gmail.com,+54 9 3769 1762,2025-12-31
309,Lautaro Medina,lautaro.medina309@gmail.com,+54 15 2650 5909,2026-03-02
310,Giuliana Campos,giuliana.campos310@gmail.com,+54 9 3479 8307,2025-04-02
311,Jazmin Peralta,jazmin.peralta311@gmail.com,+54 9 3923 6393,2025-04-01
312,Ciro Ruiz,ciro.ruiz312@gmail.com,+54 15 2676 1534,2024-11-14
313,Máximo Sosa,maximo.sosa313@gmail.com,+54 15 2197 7658,2024-06-24
314,Juan Gonzalez,juan.gonzalez314@gmail.com,+54 9 3842 7746,2025-01-05
315,Thiago Benjamin Muñoz,thiago.benjamin.munoz315@gmail.com,+54 9 3600 0139,2026-06-18
316,Geronimo Fernandez,geronimo.fernandez316@gmail.com,+54 15 2405 3109,2025-07-10
317,Isabella Alvarez,isabella.alvarez317@gmail.com,+54 9 3648 0403,2026-02-26
318,Martina Correa,martina.correa318@gmail.com,+54 15 2443 6953,2025-10-25
319,Felicitas Rios,felicitas.rios319@gmail.com,+54 9 3218 4196,2024-08-21
320,Emma Castillo,emma.castillo320@gmail.com,+54 9 3514 2350,2025-07-22
321,Lola Vega,lola.vega321@gmail.com,+54 9 3853 9602,2025-10-07
322,Francisco Perez,francisco.perez322@gmail.com,+54 15 2797 4075,2026-01-10
323,Juliana Figueroa,juliana.figueroa323@gmail.com,+54 15 2249 9171,2025-05-31
324,Martina Garcia,martina.garcia324@gmail.com,+54 15 2803 9114,2025-05-26
325,Santino Benjamin Vazquez,santino.benjamin.vazquez325@gmail.com,+54 9 3233 4698,2026-05-12
326,Emiliano Lopez,emiliano.lopez326@gmail.com,+54 9 3173 5628,2024-11-17
327,Gonzalo Diaz,gonzalo.diaz327@gmail.com,+54 15 2214 0510,2026-04-18
328,Lucía Torres,lucia.torres328@gmail.com,+54 15 2482 3988,2025-05-15
329,Emma Acosta,emma.acosta329@gmail.com,+54 9 3327 3452,2025-02-08
330,Ian Ledesma,ian.ledesma330@gmail.com,+54 15 2270 3583,2026-06-01
331,Thiago Daniel Rodriguez,thiago.daniel.rodriguez331@gmail.com,+54 9 3231 2392,2025-02-12
332,Renata Rios,renata.rios332@gmail.com,+54 9 3265 3643,2025-06-10
333,Olivia Villalba,olivia.villalba333@gmail.com,+54 15 2629 7379,2025-10-11
334,Felicitas Gutierrez,felicitas.gutierrez334@gmail.com,+54 9 3647 3632,2025-09-20
335,Emilia Vera,emilia.vera335@gmail.com,+54 15 2485 6190,2026-04-09
336,Alma Juarez,alma.juarez336@gmail.com,+54 15 2996 1840,2024-11-03
337,Bruno Aguirre,bruno.aguirre337@gmail.com,+54 15 2662 5643,2025-11-08
338,Facundo Gomez,facundo.gomez338@gmail.com,+54 15 2293 3430,2025-03-16
339,Samuel Fernandez,samuel.fernandez339@gmail.com,+54 9 3831 0158,2024-10-03
340,Jazmin Sosa,jazmin.sosa340@gmail.com,+54 9 3822 9436,2024-07-28
341,Amparo Gonzalez,amparo.gonzalez341@gmail.com,+54 9 3434 5753,2026-06-18
342,Uma Sosa,uma.sosa342@gmail.com,+54 15 2920 3958,2025-11-25
343,Nicolas Gutierrez,nicolas.gutierrez343@gmail.com,+54 15 2248 5650,2024-08-01
344,Maia Aguero,maia.aguero344@gmail.com,+54 15 2992 5382,2024-08-14
345,Dante Moreno,dante.moreno345@gmail.com,+54 15 2473 9447,2025-02-12
346,Sofia Moreno,sofia.moreno346@gmail.com,+54 9 3670 6959,2025-09-10
347,Mia Morena Navarro,mia.morena.navarro347@gmail.com,+54 15 2445 5329,2026-01-06
348,Morena Jazmin Silva,morena.jazmin.silva348@gmail.com,+54 9 3313 5125,2025-11-03
349,Lorenzo Morales,lorenzo.morales349@gmail.com,+54 15 2780 1816,2024-11-23
350,Simon Diaz,simon.diaz350@gmail.com,+54 15 2217 8288,2025-12-06
351,Emilia Rodriguez,emilia.rodriguez351@gmail.com,+54 15 2814 3028,2025-02-24
352,Manuel Ruiz,manuel.ruiz352@gmail.com,+54 15 2896 6221,2025-09-10
353,Guillermina Castro,guillermina.castro353@gmail.com,+54 15 2838 7074,2026-04-26
354,Bianca Rodriguez,bianca.rodriguez354@gmail.com,+54 9 3873 5202,2026-03-26
355,Guillermina Gomez,guillermina.gomez355@gmail.com,+54 9 3290 3466,2025-10-14
356,Agustin Lopez,agustin.lopez356@gmail.com,+54 9 3870 0822,2024-06-29
357,Agustin Mansilla,agustin.mansilla357@gmail.com,+54 9 3632 2063,2026-04-08
358,Ciro Benjamin Martinez,ciro.benjamin.martinez358@gmail.com,+54 9 3917 9253,2026-02-27
359,Valentin Mendez,valentin.mendez359@gmail.com,+54 9 3831 9952,2026-01-13
360,Mia Mendoza,mia.mendoza360@gmail.com,+54 15 2946 6418,2026-01-13
361,Sofía Rodriguez,sofia.rodriguez361@gmail.com,+54 9 3102 6543,2025-12-09
362,Benjamin Nuñez,benjamin.nunez362@gmail.com,+54 9 3291 8314,2026-05-28
363,Dante Cabrera,dante.cabrera363@gmail.com,+54 15 2648 9522,2025-06-29
364,Paloma Acosta,paloma.acosta364@gmail.com,+54 15 2381 6239,2025-09-04
365,Juan Gabriel Cardozo,juan.gabriel.cardozo365@gmail.com,+54 9 3689 2657,2024-12-20
366,Santiago Pereyra,santiago.pereyra366@gmail.com,+54 9 3364 4546,2025-01-04
367,Tomàs Luna,tomas.luna367@gmail.com,+54 15 2491 6141,2025-07-01
368,Santiago Roldan,santiago.roldan368@gmail.com,+54 9 3260 3980,2024-12-27
369,Mia Juarez,mia.juarez369@gmail.com,+54 9 3120 9038,2026-03-04
370,Nahiara Gonzalez,nahiara.gonzalez370@gmail.com,+54 9 3935 3749,2024-10-28
371,Jazmin Fernandez,jazmin.fernandez371@gmail.com,+54 15 2611 5999,2025-04-21
372,Maximo Torres,maximo.torres372@gmail.com,+54 15 2350 9642,2025-02-26
373,Simon Aguero,simon.aguero373@gmail.com,+54 9 3353 6179,2024-12-15
374,Catalina Garcia,catalina.garcia374@gmail.com,+54 9 3175 8936,2026-04-26
375,Constanza Morales,constanza.morales375@gmail.com,+54 15 2169 3306,2025-03-19
376,Ian Benjamin Gutierrez,ian.benjamin.gutierrez376@gmail.com,+54 15 2595 1079,2025-03-10
377,Bianca Fernandez,bianca.fernandez377@gmail.com,+54 15 2404 9467,2025-07-13
378,Guillermina Lopez,guillermina.lopez378@gmail.com,+54 15 2137 4775,2025-01-12
379,Maximiliano Suarez,maximiliano.suarez379@gmail.com,+54 15 2815 8651,2025-09-24
380,Santiago Flores,santiago.flores380@gmail.com,+54 9 3645 3240,2024-12-09
381,Camila Gomez,camila.gomez381@gmail.com,+54 15 2953 3220,2025-09-24
382,Ignacio Silva,ignacio.silva382@gmail.com,+54 9 3372 6140,2025-03-25
383,Benjamin Correa,benjamin.correa383@gmail.com,+54 9 3889 5666,2024-09-05
384,Kiara Moreno,kiara.moreno384@gmail.com,+54 9 3242 5024,2026-05-22
385,Bautista Cruz,bautista.cruz385@gmail.com,+54 9 3499 2524,2025-12-11
386,Luciano Benjamin Benitez,luciano.benjamin.benitez386@gmail.com,+54 9 3406 8275,2026-05-08
387,Tomas Benjamin Gutierrez,tomas.benjamin.gutierrez387@gmail.com,+54 15 2711 8723,2025-08-12
388,Maria Luz Garcia,maria.luz.garcia388@gmail.com,+54 9 3858 4166,2026-06-08
389,Maximo Silva,maximo.silva389@gmail.com,+54 15 2850 7172,2025-10-11
390,Benjamin Morales,benjamin.morales390@gmail.com,+54 9 3872 6103,2024-10-01
391,Gonzalo Sanchez,gonzalo.sanchez391@gmail.com,+54 9 3575 6789,2024-09-08
392,Bruno Gonzalez,bruno.gonzalez392@gmail.com,+54 15 2320 9359,2024-10-20
393,Tomàs Diaz,tomas.diaz393@gmail.com,+54 15 2505 4184,2025-06-17
394,Sofia Sanchez,sofia.sanchez394@gmail.com,+54 9 3484 4360,2024-11-03
395,Renata Vargas,renata.vargas395@gmail.com,+54 9 3839 7034,2025-07-14
396,Emilia Ledesma,emilia.ledesma396@gmail.com,+54 15 2969 8468,2026-02-16
397,Alma Valentina Gonzalez,alma.valentina.gonzalez397@gmail.com,+54 9 3954 0579,2026-01-03
398,Juana Gonzalez,juana.gonzalez398@gmail.com,+54 15 2627 1215,2025-11-09
399,Emilia Luna,emilia.luna399@gmail.com,+54 9 3431 8465,2025-07-29
400,Luisina Ponce,luisina.ponce400@gmail.com,+54 15 2710 4012,2026-02-10
401,Lara Lopez,lara.lopez401@gmail.com,+54 9 3825 3811,2024-07-08
402,Sara Herrera,sara.herrera402@gmail.com,+54 9 3458 3192,2024-08-03
403,Thiago Ezequiel Martinez,thiago.ezequiel.martinez403@gmail.com,+54 9 3217 5370,2025-05-03
404,Agustín Carrizo,agustin.carrizo404@gmail.com,+54 9 3494 2566,2026-01-10
405,Benjamin Moyano,benjamin.moyano405@gmail.com,+54 15 2215 2370,2025-01-29
406,Julian Luna,julian.luna406@gmail.com,+54 9 3925 1791,2025-01-05
407,Mateo Hernandez,mateo.hernandez407@gmail.com,+54 15 2374 0342,2026-03-15
408,Francesca Benitez,francesca.benitez408@gmail.com,+54 15 2737 9682,2026-05-03
409,Maria Paz Romero,maria.paz.romero409@gmail.com,+54 15 2391 7214,2025-04-08
410,Sofía Rodriguez,sofia.rodriguez410@gmail.com,+54 15 2953 4443,2025-11-04
411,Valentina Perez,valentina.perez411@gmail.com,+54 9 3600 8972,2024-08-05
412,Valentin Fernandez,valentin.fernandez412@gmail.com,+54 15 2905 4952,2024-10-09
413,Martín Figueroa,martin.figueroa413@gmail.com,+54 9 3331 0269,2025-04-11
414,Camila Martinez,camila.martinez414@gmail.com,+54 15 2714 1379,2025-04-17
415,Dante Gomez,dante.gomez415@gmail.com,+54 9 3943 7831,2026-02-16
416,Felipe Figueroa,felipe.figueroa416@gmail.com,+54 9 3982 6149,2026-04-11
417,Valentin Vargas,valentin.vargas417@gmail.com,+54 15 2119 0919,2025-01-14
418,Luz Maria Mansilla,luz.maria.mansilla418@gmail.com,+54 15 2422 3625,2025-04-10
419,Joaquina Gimenez,joaquina.gimenez419@gmail.com,+54 15 2443 6771,2026-04-23
420,Maite Lopez,maite.lopez420@gmail.com,+54 9 3392 3086,2025-04-13
421,Juan Cruz Pereyra,juan.cruz.pereyra421@gmail.com,+54 9 3160 7001,2025-01-11
422,Olivia Bravo,olivia.bravo422@gmail.com,+54 15 2363 8658,2026-05-13
423,Mia Jazmin Avila,mia.jazmin.avila423@gmail.com,+54 9 3169 0752,2024-10-06
424,Thiago Benjamin Garcia,thiago.benjamin.garcia424@gmail.com,+54 15 2224 5341,2025-07-18
425,Mateo Garcia,mateo.garcia425@gmail.com,+54 9 3153 4870,2025-06-27
426,Valentina Dominguez,valentina.dominguez426@gmail.com,+54 9 3330 6574,2025-11-10
427,Uma Hernandez,uma.hernandez427@gmail.com,+54 9 3591 4116,2024-10-11
428,Lisandro Mendez,lisandro.mendez428@gmail.com,+54 15 2136 7680,2024-07-01
429,Benjamin Gonzalez,benjamin.gonzalez429@gmail.com,+54 9 3122 4283,2025-12-20
430,Delfina Ruiz,delfina.ruiz430@gmail.com,+54 9 3602 7343,2024-07-19
431,Catalina Morales,catalina.morales431@gmail.com,+54 15 2943 8338,2025-03-14
432,Mateo Cardozo,mateo.cardozo432@gmail.com,+54 9 3800 6328,2024-12-17
433,Olivia Vera,olivia.vera433@gmail.com,+54 9 3597 0706,2024-07-19
434,Dylan Aguirre,dylan.aguirre434@gmail.com,+54 15 2165 7572,2026-01-10
435,Renzo Avila,renzo.avila435@gmail.com,+54 15 2265 5001,2024-12-31
436,Facundo Soria,facundo.soria436@gmail.com,+54 15 2723 6455,2024-10-28
437,Zoe Torres,zoe.torres437@gmail.com,+54 9 3971 8718,2024-10-06
438,Catalina Carrizo,catalina.carrizo438@gmail.com,+54 9 3560 5798,2026-04-07
439,Thiago Benjamin Rodriguez,thiago.benjamin.rodriguez439@gmail.com,+54 15 2766 0107,2026-01-28
440,Morena Jazmin Mendez,morena.jazmin.mendez440@gmail.com,+54 9 3180 9844,2026-04-20
441,Salvador Rodriguez,salvador.rodriguez441@gmail.com,+54 9 3118 9541,2026-02-19
442,Guadalupe Mansilla,guadalupe.mansilla442@gmail.com,+54 15 2183 0451,2024-10-10
443,Octavio Lopez,octavio.lopez443@gmail.com,+54 15 2865 2928,2024-07-07
444,Julian Lopez,julian.lopez444@gmail.com,+54 15 2495 1044,2026-05-10
445,Julia Lopez,julia.lopez445@gmail.com,+54 9 3482 1635,2026-04-09
446,Lorenzo Lopez,lorenzo.lopez446@gmail.com,+54 15 2467 2116,2025-01-14
447,Alfonsina Lucero,alfonsina.lucero447@gmail.com,+54 9 3520 3493,2024-11-27
448,Benjamin Ezequiel Peralta,benjamin.ezequiel.peralta448@gmail.com,+54 9 3962 3451,2025-12-14
449,Milena Herrera,milena.herrera449@gmail.com,+54 15 2716 6581,2025-12-14
450,Joaquin Castro,joaquin.castro450@gmail.com,+54 9 3563 2768,2024-09-11
451,Zoe Jazmin Lopez,zoe.jazmin.lopez451@gmail.com,+54 15 2495 2286,2024-09-24
452,Abigail Romero,abigail.romero452@gmail.com,+54 9 3157 1221,2025-04-22
453,Miguel Angel Martinez,miguel.angel.martinez453@gmail.com,+54 15 2725 0938,2025-03-04
454,Pedro Romero,pedro.romero454@gmail.com,+54 9 3294 7353,2026-03-21
455,Charo Sanchez,charo.sanchez455@gmail.com,+54 15 2724 7249,2025-11-30
456,Tomas Bustos,tomas.bustos456@gmail.com,+54 15 2938 3039,2025-08-02
457,Mateo Roldan,mateo.roldan457@gmail.com,+54 9 3754 6463,2026-06-12
458,Maximo Valdez,maximo.valdez458@gmail.com,+54 15 2476 5247,2026-02-16
459,Tomas Benjamin Acosta,tomas.benjamin.acosta459@gmail.com,+54 15 2180 9795,2025-09-03
460,Maria Paz Rios,maria.paz.rios460@gmail.com,+54 15 2350 5082,2026-04-15
461,Micaela Rodriguez,micaela.rodriguez461@gmail.com,+54 15 2218 2265,2025-04-20
462,Elena Rodriguez,elena.rodriguez462@gmail.com,+54 9 3564 3272,2026-05-08
463,Lautaro Gabriel Ledesma,lautaro.gabriel.ledesma463@gmail.com,+54 9 3163 4150,2026-04-20
464,Juan Cruz Gonzalez,juan.cruz.gonzalez464@gmail.com,+54 15 2410 5877,2025-03-22
465,Delfina Vazquez,delfina.vazquez465@gmail.com,+54 15 2484 5164,2025-06-26
466,Juan Ignacio Vazquez,juan.ignacio.vazquez466@gmail.com,+54 9 3274 6236,2024-11-22
467,Felipe Gomez,felipe.gomez467@gmail.com,+54 9 3897 5941,2025-08-25
468,Isabella Garcia,isabella.garcia468@gmail.com,+54 15 2879 5913,2026-05-31
469,Manuel Ojeda,manuel.ojeda469@gmail.com,+54 15 2393 9435,2024-08-06
470,Oriana Ojeda,oriana.ojeda470@gmail.com,+54 15 2916 3567,2025-05-14
471,Violeta Nuñez,violeta.nunez471@gmail.com,+54 9 3776 8990,2025-12-25
472,Guadalupe Alvarez,guadalupe.alvarez472@gmail.com,+54 15 2281 7959,2025-04-25
473,Alma Valentina Rodriguez,alma.valentina.rodriguez473@gmail.com,+54 9 3706 9801,2025-04-25
474,Juan Cruz Dominguez,juan.cruz.dominguez474@gmail.com,+54 9 3416 4898,2024-12-04
475,Lucia Garcia,lucia.garcia475@gmail.com,+54 9 3315 6326,2024-10-31
476,Benjamin Martinez,benjamin.martinez476@gmail.com,+54 9 3234 7056,2024-08-20
477,Santino Ramirez,santino.ramirez477@gmail.com,+54 9 3599 0729,2024-07-23
478,Valentin Caceres,valentin.caceres478@gmail.com,+54 15 2977 2540,2025-11-08
479,Pedro Molina,pedro.molina479@gmail.com,+54 9 3739 9220,2025-08-25
480,Kiara Rojas,kiara.rojas480@gmail.com,+54 15 2844 0715,2026-05-19
481,Pedro Ramos,pedro.ramos481@gmail.com,+54 9 3330 3713,2025-05-13
482,Martina Gomez,martina.gomez482@gmail.com,+54 9 3476 2161,2026-01-09
483,Martina Martinez,martina.martinez483@gmail.com,+54 15 2462 6970,2024-08-01
484,Catalina Sosa,catalina.sosa484@gmail.com,+54 9 3708 0702,2026-02-10
485,Sebastian Muñoz,sebastian.munoz485@gmail.com,+54 9 3986 9576,2025-11-23
486,Emma Garcia,emma.garcia486@gmail.com,+54 9 3665 1198,2025-05-07
487,Maia Ledesma,maia.ledesma487@gmail.com,+54 9 3788 1550,2025-12-27
488,Lucía Roldan,lucia.roldan488@gmail.com,+54 15 2246 6771,2025-11-11
489,Alma Muñoz,alma.munoz489@gmail.com,+54 15 2325 6740,2024-11-16
490,Isabella Caceres,isabella.caceres490@gmail.com,+54 15 2113 9226,2025-10-05
491,Lorenzo Ledesma,lorenzo.ledesma491@gmail.com,+54 9 3881 9387,2026-05-20
492,Santino Agustin Romero,santino.agustin.romero492@gmail.com,+54 15 2844 5940,2025-04-29
493,Tiziana Vega,tiziana.vega493@gmail.com,+54 9 3551 1812,2025-11-06
494,Lorenzo Godoy,lorenzo.godoy494@gmail.com,+54 9 3668 6598,2024-11-02
495,Valentino Alvarez,valentino.alvarez495@gmail.com,+54 15 2476 6133,2025-01-11
496,Maia Aguirre,maia.aguirre496@gmail.com,+54 9 3288 5647,2025-05-07
497,Felipe Farias,felipe.farias497@gmail.com,+54 15 2922 6217,2026-06-12
498,Valentina Medina,valentina.medina498@gmail.com,+54 15 2542 7283,2024-11-01
499,Enzo Caceres,enzo.caceres499@gmail.com,+54 15 2268 3436,2025-10-17
500,Alma Perez,alma.perez500@gmail.com,+54 15 2608 3151,2026-03-23
501,Guillermina Martinez,guillermina.martinez501@gmail.com,+54 15 2229 8599,2026-03-14
502,Thiago Herrera,thiago.herrera502@gmail.com,+54 15 2692 6214,2024-08-28
503,Victoria Ramirez,victoria.ramirez503@gmail.com,+54 15 2996 7124,2025-03-14
504,Ignacio Ruiz,ignacio.ruiz504@gmail.com,+54 9 3839 2730,2026-01-07
505,Augusto Molina,augusto.molina505@gmail.com,+54 15 2264 1113,2026-01-15
506,Jazmin Benitez,jazmin.benitez506@gmail.com,+54 15 2948 2960,2025-05-25
507,Julia Rodriguez,julia.rodriguez507@gmail.com,+54 15 2312 3861,2025-10-15
508,Juan Ignacio Romero,juan.ignacio.romero508@gmail.com,+54 9 3214 1992,2026-03-05
509,Kiara Carrizo,kiara.carrizo509@gmail.com,+54 9 3458 5304,2024-08-20
510,Matias Gonzalez,matias.gonzalez510@gmail.com,+54 9 3362 7924,2025-07-20
511,Mora Rodriguez,mora.rodriguez511@gmail.com,+54 15 2108 6377,2025-04-29
512,Juan Pablo Moreno,juan.pablo.moreno512@gmail.com,+54 9 3553 2637,2025-07-30
513,Victoria Cardozo,victoria.cardozo513@gmail.com,+54 15 2206 2684,2026-05-20
514,Constanza Rivero,constanza.rivero514@gmail.com,+54 15 2139 6140,2025-08-28
515,Juana Sanchez,juana.sanchez515@gmail.com,+54 15 2616 5385,2024-12-18
516,Benjamin Ezequiel Cordoba,benjamin.ezequiel.cordoba516@gmail.com,+54 15 2152 2879,2026-01-17
517,Mia Jazmin Ferreyra,mia.jazmin.ferreyra517@gmail.com,+54 9 3528 0736,2025-06-02
518,Victoria Lopez,victoria.lopez518@gmail.com,+54 9 3302 2318,2024-09-08
519,Agustin Gutierrez,agustin.gutierrez519@gmail.com,+54 9 3613 6269,2026-02-24
520,Valentina Cordoba,valentina.cordoba520@gmail.com,+54 9 3329 2045,2025-11-08
521,Martina Soria,martina.soria521@gmail.com,+54 15 2184 6837,2024-09-02
522,Agustin Aguirre,agustin.aguirre522@gmail.com,+54 9 3851 0780,2024-09-23
523,Valentina  Olivera,valentina..olivera523@gmail.com,+54 9 3745 5592,2026-01-17
524,Martín Herrera,martin.herrera524@gmail.com,+54 15 2459 5958,2025-04-14
525,Pedro Gomez,pedro.gomez525@gmail.com,+54 9 3541 3761,2025-07-31
526,Lara Avila,lara.avila526@gmail.com,+54 9 3216 8468,2026-04-09
527,Martina Martinez,martina.martinez527@gmail.com,+54 15 2508 3698,2024-11-13
528,Thiago Lionel Lopez,thiago.lionel.lopez528@gmail.com,+54 9 3105 1209,2024-11-30
529,Lola Cabrera,lola.cabrera529@gmail.com,+54 9 3408 4486,2025-05-05
530,Santiago Benjamin Sosa,santiago.benjamin.sosa530@gmail.com,+54 15 2748 9487,2024-07-24
531,Juan Martin Navarro,juan.martin.navarro531@gmail.com,+54 9 3720 7397,2024-07-24
532,Mateo Benjamin Barrios,mateo.benjamin.barrios532@gmail.com,+54 9 3806 5191,2025-07-07
533,Catalina Cruz,catalina.cruz533@gmail.com,+54 15 2766 1555,2024-09-01
534,Tomas Benjamin Gonzalez,tomas.benjamin.gonzalez534@gmail.com,+54 9 3804 1455,2025-01-06
535,Bautista Juarez,bautista.juarez535@gmail.com,+54 15 2180 5514,2026-05-27
536,Isabella Alvarez,isabella.alvarez536@gmail.com,+54 15 2659 7370,2026-02-12
537,Thiago Nicolas Diaz,thiago.nicolas.diaz537@gmail.com,+54 9 3794 1237,2025-03-15
538,Bautista Gutierrez,bautista.gutierrez538@gmail.com,+54 15 2522 3629,2024-10-02
539,Jeremias Herrera,jeremias.herrera539@gmail.com,+54 9 3454 4590,2026-06-16
540,Luca Castillo,luca.castillo540@gmail.com,+54 15 2806 6680,2026-02-19
541,Lucas Dominguez,lucas.dominguez541@gmail.com,+54 15 2611 7161,2025-07-28
542,Mateo Benjamin Lopez,mateo.benjamin.lopez542@gmail.com,+54 9 3581 3906,2025-12-15
543,Pedro Paz,pedro.paz543@gmail.com,+54 15 2534 2781,2025-05-29
544,Alma Perez,alma.perez544@gmail.com,+54 9 3173 5538,2025-12-24
545,Zoe Ayala,zoe.ayala545@gmail.com,+54 15 2367 4766,2024-10-29
546,Maria Victoria Benitez,maria.victoria.benitez546@gmail.com,+54 9 3839 9368,2026-03-25
547,Joaquin Garcia,joaquin.garcia547@gmail.com,+54 9 3236 3795,2025-04-01
548,Julia Farias,julia.farias548@gmail.com,+54 9 3669 1674,2025-06-12
549,Joaquin Romero,joaquin.romero549@gmail.com,+54 9 3641 2156,2024-07-10
550,Ambar Ortiz,ambar.ortiz550@gmail.com,+54 15 2248 3133,2026-01-13
551,Joaquina Villalba,joaquina.villalba551@gmail.com,+54 15 2229 3771,2024-09-29
552,Valentina  Gonzalez,valentina..gonzalez552@gmail.com,+54 9 3498 1544,2025-12-14
553,Emma Romero,emma.romero553@gmail.com,+54 9 3152 5365,2025-05-23
554,Máximo Garcia,maximo.garcia554@gmail.com,+54 15 2659 3078,2025-03-19
555,Antonia Ponce,antonia.ponce555@gmail.com,+54 9 3636 9657,2024-11-17
556,Felipe Castro,felipe.castro556@gmail.com,+54 15 2509 4644,2024-11-29
557,Ana Paula Escobar,ana.paula.escobar557@gmail.com,+54 15 2267 9113,2025-10-28
558,Miguel Angel Perez,miguel.angel.perez558@gmail.com,+54 9 3142 7730,2025-12-13
559,Emiliano Leiva,emiliano.leiva559@gmail.com,+54 9 3124 8596,2026-03-13
560,Tiziano Castro,tiziano.castro560@gmail.com,+54 9 3198 0610,2024-10-28
561,Maria Victoria Sanchez,maria.victoria.sanchez561@gmail.com,+54 15 2982 2181,2024-11-30
562,Thiago Gabriel Ruiz,thiago.gabriel.ruiz562@gmail.com,+54 15 2574 6878,2024-12-25
563,Julieta Roldan,julieta.roldan563@gmail.com,+54 9 3446 3930,2024-07-11
564,Sofia Belen Barrios,sofia.belen.barrios564@gmail.com,+54 15 2860 0740,2026-01-17
565,Joaquin Cardozo,joaquin.cardozo565@gmail.com,+54 9 3956 1926,2025-09-04
566,Felicitas Sosa,felicitas.sosa566@gmail.com,+54 15 2434 9874,2025-01-20
567,Mateo Joaquin Lopez,mateo.joaquin.lopez567@gmail.com,+54 15 2839 1714,2026-03-25
568,Julian Villalba,julian.villalba568@gmail.com,+54 9 3324 1500,2025-07-07
569,Francesco Perez,francesco.perez569@gmail.com,+54 15 2977 9832,2026-03-12
570,Juana Lopez,juana.lopez570@gmail.com,+54 15 2722 7698,2025-12-11
571,Juan Martin Fernandez,juan.martin.fernandez571@gmail.com,+54 9 3929 2311,2026-05-07
572,Lautaro Benjamin Nuñez,lautaro.benjamin.nunez572@gmail.com,+54 9 3795 2885,2025-12-18
573,Olivia Gutierrez,olivia.gutierrez573@gmail.com,+54 9 3393 9029,2024-07-07
574,Guadalupe Gonzalez,guadalupe.gonzalez574@gmail.com,+54 15 2879 1070,2024-10-13
575,Thiago Ezequiel Lucero,thiago.ezequiel.lucero575@gmail.com,+54 15 2854 3874,2025-03-07
576,Ciro Gomez,ciro.gomez576@gmail.com,+54 9 3456 4471,2025-04-24
577,Malena Suarez,malena.suarez577@gmail.com,+54 15 2691 1183,2025-09-14
578,Martin Vera,martin.vera578@gmail.com,+54 9 3990 8680,2025-09-20
579,Dante Chavez,dante.chavez579@gmail.com,+54 9 3126 7700,2025-12-20
580,Constanza Perez,constanza.perez580@gmail.com,+54 9 3104 9138,2025-04-16
581,Emma Correa,emma.correa581@gmail.com,+54 9 3121 9915,2024-09-03
582,Bruno Cardozo,bruno.cardozo582@gmail.com,+54 15 2499 4595,2025-02-10
583,Nahiara Jazmin Romero,nahiara.jazmin.romero583@gmail.com,+54 9 3915 8913,2026-04-08
584,Dante Herrera,dante.herrera584@gmail.com,+54 9 3312 1768,2025-08-30
585,Julieta Ortiz,julieta.ortiz585@gmail.com,+54 15 2738 7785,2025-09-27
586,Luz Milagros Miranda,luz.milagros.miranda586@gmail.com,+54 15 2915 3400,2024-08-20
587,Luna Martinez,luna.martinez587@gmail.com,+54 15 2834 5360,2026-03-26
588,Zoe Jazmin Rodriguez,zoe.jazmin.rodriguez588@gmail.com,+54 15 2658 4367,2025-05-22
589,Jeremias Paz,jeremias.paz589@gmail.com,+54 15 2321 6025,2025-07-15
590,Guadalupe Fernandez,guadalupe.fernandez590@gmail.com,+54 9 3211 7525,2026-06-07
591,Francesca Lopez,francesca.lopez591@gmail.com,+54 15 2260 7640,2026-03-11
592,Valentin Fernandez,valentin.fernandez592@gmail.com,+54 15 2622 2312,2025-04-09
593,Manuel Flores,manuel.flores593@gmail.com,+54 15 2874 1304,2024-07-04
594,Maria Victoria Gonzalez,maria.victoria.gonzalez594@gmail.com,+54 15 2292 0635,2026-01-18
595,Valentina Ramirez,valentina.ramirez595@gmail.com,+54 15 2678 5034,2026-06-22
596,Joaquin Pereyra,joaquin.pereyra596@gmail.com,+54 15 2796 2462,2025-05-09
597,Antonella Ferreyra,antonella.ferreyra597@gmail.com,+54 9 3102 1426,2024-12-12
598,Valentina Arias,valentina.arias598@gmail.com,+54 9 3292 8417,2024-12-17
599,Salvador Cardozo,salvador.cardozo599@gmail.com,+54 15 2901 2866,2024-08-11
600,Isabella Chavez,isabella.chavez600@gmail.com,+54 9 3671 1629,2024-07-14
601,Thiago Valentin Gimenez,thiago.valentin.gimenez601@gmail.com,+54 15 2102 5453,2025-05-18
602,Salvador Diaz,salvador.diaz602@gmail.com,+54 15 2348 4586,2026-04-06
603,Benjamin Romero,benjamin.romero603@gmail.com,+54 9 3345 8308,2025-03-19
604,Lautaro Nicolas Flores,lautaro.nicolas.flores604@gmail.com,+54 9 3789 4007,2026-01-01
605,Zoe Valentina Benitez,zoe.valentina.benitez605@gmail.com,+54 15 2467 1816,2025-11-26
606,Pilar Rivero,pilar.rivero606@gmail.com,+54 15 2240 1861,2025-06-01
607,Paula Castro,paula.castro607@gmail.com,+54 15 2317 1675,2025-05-20
608,Matilda Torres,matilda.torres608@gmail.com,+54 15 2843 3944,2025-12-12
609,Octavio Paz,octavio.paz609@gmail.com,+54 15 2997 1284,2025-12-09
610,Ian Lucero,ian.lucero610@gmail.com,+54 9 3217 8957,2025-09-15
611,Lautaro Lopez,lautaro.lopez611@gmail.com,+54 15 2823 8244,2024-08-26
612,Thiago Ezequiel Acosta,thiago.ezequiel.acosta612@gmail.com,+54 15 2308 9151,2024-08-23
613,Uma  Gomez,uma..gomez613@gmail.com,+54 9 3699 9698,2024-09-02
614,Constanza Ojeda,constanza.ojeda614@gmail.com,+54 9 3427 5373,2025-11-15
615,Nina Cordoba,nina.cordoba615@gmail.com,+54 15 2122 3833,2026-02-28
616,Renata Gimenez,renata.gimenez616@gmail.com,+54 9 3551 5719,2025-07-06
617,Nahiara Jazmin Sanchez,nahiara.jazmin.sanchez617@gmail.com,+54 15 2255 7187,2024-07-03
618,Juana Rodriguez,juana.rodriguez618@gmail.com,+54 15 2403 8581,2026-06-05
619,Agustín Rios,agustin.rios619@gmail.com,+54 9 3901 1012,2025-12-24
620,Josefina Ramirez,josefina.ramirez620@gmail.com,+54 9 3606 4532,2026-01-26
621,Milo Flores,milo.flores621@gmail.com,+54 15 2748 6971,2025-01-09
622,Pedro Martinez,pedro.martinez622@gmail.com,+54 9 3855 9576,2025-11-19
623,Martina Rodriguez,martina.rodriguez623@gmail.com,+54 15 2765 1650,2025-11-19
624,Lorenzo Gutierrez,lorenzo.gutierrez624@gmail.com,+54 9 3762 2296,2025-07-13
625,Isabella Miranda,isabella.miranda625@gmail.com,+54 9 3666 2502,2024-07-08
626,Camila Gonzalez,camila.gonzalez626@gmail.com,+54 9 3246 1620,2026-01-09
627,Ignacio Ramos,ignacio.ramos627@gmail.com,+54 15 2723 5112,2025-10-04
628,Francisco Romero,francisco.romero628@gmail.com,+54 9 3901 0787,2025-04-13
629,Tiziana Martinez,tiziana.martinez629@gmail.com,+54 9 3168 7707,2024-11-26
630,Lautaro Mendoza,lautaro.mendoza630@gmail.com,+54 15 2829 9336,2024-08-05
631,Jazmin Acosta,jazmin.acosta631@gmail.com,+54 9 3460 6299,2025-08-08
632,Mia Jazmin Aguirre,mia.jazmin.aguirre632@gmail.com,+54 15 2670 3740,2024-10-16
633,Juan Martin Campos,juan.martin.campos633@gmail.com,+54 15 2496 2389,2024-12-16
634,Amparo Ruiz,amparo.ruiz634@gmail.com,+54 9 3380 9837,2026-04-07
635,Sofia Ruiz,sofia.ruiz635@gmail.com,+54 9 3286 0124,2025-10-27
636,Lucio Perez,lucio.perez636@gmail.com,+54 9 3102 7603,2025-06-25
637,Lucia Torres,lucia.torres637@gmail.com,+54 15 2189 2671,2025-08-27
638,Bautista Gonzalez,bautista.gonzalez638@gmail.com,+54 15 2590 0680,2024-10-27
639,Delfina Martinez,delfina.martinez639@gmail.com,+54 9 3427 1356,2024-06-25
640,Agustín Mendoza,agustin.mendoza640@gmail.com,+54 9 3937 5483,2025-02-11
641,Malena Rodriguez,malena.rodriguez641@gmail.com,+54 9 3564 7247,2026-02-07
642,Kiara Quiroga,kiara.quiroga642@gmail.com,+54 9 3470 9400,2024-08-29
643,Micaela Dominguez,micaela.dominguez643@gmail.com,+54 15 2309 6474,2024-09-29
644,Thiago Lionel Ramos,thiago.lionel.ramos644@gmail.com,+54 15 2916 9953,2024-12-13
645,Lautaro Gomez,lautaro.gomez645@gmail.com,+54 9 3773 9835,2025-11-24
646,Valentino Rodriguez,valentino.rodriguez646@gmail.com,+54 15 2142 0690,2025-05-04
647,Franco Moreno,franco.moreno647@gmail.com,+54 9 3691 6501,2025-09-07
648,Juana Lopez,juana.lopez648@gmail.com,+54 9 3671 9336,2025-03-22
649,Ignacio Maidana,ignacio.maidana649@gmail.com,+54 9 3965 0555,2025-04-05
650,Bautista Sosa,bautista.sosa650@gmail.com,+54 9 3577 0660,2026-04-01
651,Benicio Medina,benicio.medina651@gmail.com,+54 15 2188 1455,2025-01-17
652,Morena Jazmin Sosa,morena.jazmin.sosa652@gmail.com,+54 9 3968 6508,2025-05-26
653,Benicio Vera,benicio.vera653@gmail.com,+54 15 2832 5263,2024-09-11
654,Joaquín Silva,joaquin.silva654@gmail.com,+54 9 3631 0860,2024-12-10
655,Facundo Flores,facundo.flores655@gmail.com,+54 15 2710 0593,2026-03-02
656,Thiago Ezequiel Garcia,thiago.ezequiel.garcia656@gmail.com,+54 9 3839 8955,2024-11-17
657,Sebastian Luna,sebastian.luna657@gmail.com,+54 15 2987 6047,2025-09-13
658,Maximo Medina,maximo.medina658@gmail.com,+54 15 2821 6179,2024-12-26
659,Thiago Ezequiel Castillo,thiago.ezequiel.castillo659@gmail.com,+54 9 3835 8304,2024-12-21
660,Lautaro Benjamin Cordoba,lautaro.benjamin.cordoba660@gmail.com,+54 9 3361 8870,2025-08-12
661,Renata Rojas,renata.rojas661@gmail.com,+54 9 3825 8693,2025-07-03
662,Matias Torres,matias.torres662@gmail.com,+54 15 2290 0783,2024-07-09
663,Morena Paz,morena.paz663@gmail.com,+54 9 3523 4886,2025-10-17
664,Valentina Romero,valentina.romero664@gmail.com,+54 15 2300 1663,2025-06-25
665,Jeronimo Flores,jeronimo.flores665@gmail.com,+54 9 3627 1921,2025-12-15
666,Olivia Ponce,olivia.ponce666@gmail.com,+54 15 2363 4787,2025-05-29
667,Valentin Rodriguez,valentin.rodriguez667@gmail.com,+54 15 2660 3636,2026-01-08
668,Francisco Duarte,francisco.duarte668@gmail.com,+54 15 2710 2615,2024-10-09
669,Agustin Rodriguez,agustin.rodriguez669@gmail.com,+54 9 3790 9646,2026-01-27
670,Alma Jazmin Diaz,alma.jazmin.diaz670@gmail.com,+54 15 2364 9910,2025-07-23
671,Ema Silva,ema.silva671@gmail.com,+54 9 3813 6463,2025-03-08
672,Ciro Sanchez,ciro.sanchez672@gmail.com,+54 9 3100 3246,2025-03-13
673,Lola Alvarez,lola.alvarez673@gmail.com,+54 15 2588 6141,2025-07-23
674,Faustino Vega,faustino.vega674@gmail.com,+54 15 2179 2757,2024-08-16
675,Ciro Flores,ciro.flores675@gmail.com,+54 9 3487 9040,2025-04-19
676,Camila Rios,camila.rios676@gmail.com,+54 15 2877 2325,2024-09-07
677,Valentin Martinez,valentin.martinez677@gmail.com,+54 15 2930 0295,2024-09-03
678,Vicente Fernandez,vicente.fernandez678@gmail.com,+54 9 3680 8665,2024-11-22
679,Francesca Lopez,francesca.lopez679@gmail.com,+54 15 2259 2451,2025-01-14
680,Abril Valdez,abril.valdez680@gmail.com,+54 9 3944 5722,2026-05-16
681,Franco Castillo,franco.castillo681@gmail.com,+54 9 3317 8623,2024-12-06
682,Malena Caceres,malena.caceres682@gmail.com,+54 9 3968 9361,2024-06-28
683,Francesca Diaz,francesca.diaz683@gmail.com,+54 9 3781 9254,2026-05-13
684,Facundo Cabrera,facundo.cabrera684@gmail.com,+54 9 3470 0981,2024-07-23
685,Genaro Nuñez,genaro.nunez685@gmail.com,+54 15 2732 0729,2026-06-12
686,Santino Lucero,santino.lucero686@gmail.com,+54 15 2457 4891,2026-02-28
687,Clara Gomez,clara.gomez687@gmail.com,+54 9 3729 8177,2025-09-24
688,Emilia Nuñez,emilia.nunez688@gmail.com,+54 15 2392 7028,2026-01-01
689,Sofia Perez,sofia.perez689@gmail.com,+54 15 2958 7197,2025-10-26
690,Catalina Maldonado,catalina.maldonado690@gmail.com,+54 9 3180 2346,2024-11-11
691,Catalina Vega,catalina.vega691@gmail.com,+54 9 3730 1168,2025-09-04
692,Sofia Castro,sofia.castro692@gmail.com,+54 9 3238 4878,2025-11-20
693,Jazmin Medina,jazmin.medina693@gmail.com,+54 15 2438 0472,2026-03-30
694,Maia Lucero,maia.lucero694@gmail.com,+54 9 3951 6974,2025-06-23
695,Bautista Bustos,bautista.bustos695@gmail.com,+54 15 2251 8313,2025-11-28
696,Benjamin Ezequiel Farias,benjamin.ezequiel.farias696@gmail.com,+54 15 2655 3107,2025-01-15
697,Benjamin Carrizo,benjamin.carrizo697@gmail.com,+54 9 3116 5703,2026-06-10
698,Emma Arias,emma.arias698@gmail.com,+54 9 3960 5419,2025-06-10
699,Valentina Ortiz,valentina.ortiz699@gmail.com,+54 15 2708 7083,2025-03-02
700,Sofia Gonzalez,sofia.gonzalez700@gmail.com,+54 9 3203 4830,2026-06-04
701,Benjamin Ezequiel Diaz,benjamin.ezequiel.diaz701@gmail.com,+54 9 3514 7336,2025-06-16
702,Ciro Bustos,ciro.bustos702@gmail.com,+54 9 3775 8304,2025-02-03
703,Mateo Garcia,mateo.garcia703@gmail.com,+54 9 3576 4012,2025-11-08
704,Emiliano Carrizo,emiliano.carrizo704@gmail.com,+54 15 2596 4244,2024-07-21
705,Benjamin Alejandro Bustos,benjamin.alejandro.bustos705@gmail.com,+54 9 3406 5236,2025-03-03
706,Pedro Gomez,pedro.gomez706@gmail.com,+54 15 2267 0697,2025-02-17
707,Maximo Rodriguez,maximo.rodriguez707@gmail.com,+54 15 2139 9069,2026-04-10
708,Emma Gomez,emma.gomez708@gmail.com,+54 15 2752 1596,2026-02-19
709,Justina Castro,justina.castro709@gmail.com,+54 15 2854 2943,2025-10-09
710,Juan Ignacio Gimenez,juan.ignacio.gimenez710@gmail.com,+54 9 3155 3251,2025-12-17
711,León Romero,leon.romero711@gmail.com,+54 15 2192 5654,2025-04-11
712,Olivia Lopez,olivia.lopez712@gmail.com,+54 9 3472 2925,2024-10-21
713,Lautaro Leiva,lautaro.leiva713@gmail.com,+54 9 3469 9976,2024-09-15
714,Juan Bautista Acosta,juan.bautista.acosta714@gmail.com,+54 9 3563 0602,2024-07-06
715,Manuel Gonzalez,manuel.gonzalez715@gmail.com,+54 15 2655 8802,2025-08-19
716,Valentino Rivero,valentino.rivero716@gmail.com,+54 15 2488 9284,2024-08-01
717,Elena Ponce,elena.ponce717@gmail.com,+54 9 3378 5807,2026-05-25
718,Benicio Fernandez,benicio.fernandez718@gmail.com,+54 15 2265 0265,2024-07-28
719,Emanuel Correa,emanuel.correa719@gmail.com,+54 9 3796 6858,2024-08-18
720,Lautaro Ezequiel Roldan,lautaro.ezequiel.roldan720@gmail.com,+54 15 2919 2275,2026-03-11
721,Ignacio Maldonado,ignacio.maldonado721@gmail.com,+54 9 3690 6784,2026-06-04
722,Zoe Valentina Aguero,zoe.valentina.aguero722@gmail.com,+54 9 3533 7268,2025-04-16
723,Genaro Perez,genaro.perez723@gmail.com,+54 15 2601 0280,2024-11-22
724,Tomàs Fernandez,tomas.fernandez724@gmail.com,+54 9 3218 9945,2024-10-08
725,Alma Morales,alma.morales725@gmail.com,+54 9 3828 4049,2025-08-06
726,Juan Ignacio Acosta,juan.ignacio.acosta726@gmail.com,+54 9 3932 9331,2026-03-04
727,Juan Cruz Toledo,juan.cruz.toledo727@gmail.com,+54 9 3880 3586,2025-05-31
728,Alma Carrizo,alma.carrizo728@gmail.com,+54 15 2832 4495,2024-09-26
729,Francisco Leiva,francisco.leiva729@gmail.com,+54 9 3282 3038,2025-06-26
730,Bautista Figueroa,bautista.figueroa730@gmail.com,+54 15 2356 6995,2025-09-13
731,Valentin Cordoba,valentin.cordoba731@gmail.com,+54 9 3858 3663,2026-05-26
732,Lola Paz,lola.paz732@gmail.com,+54 9 3236 7658,2025-10-16
733,Antonella Alvarez,antonella.alvarez733@gmail.com,+54 9 3606 1440,2026-03-25
734,Victoria Paz,victoria.paz734@gmail.com,+54 9 3157 8095,2024-07-23
735,Thiago Sanchez,thiago.sanchez735@gmail.com,+54 9 3718 1223,2024-10-04
736,Santino Mansilla,santino.mansilla736@gmail.com,+54 15 2807 6210,2026-05-12
737,Alma Roldan,alma.roldan737@gmail.com,+54 9 3940 9044,2026-02-22
738,Emanuel Sanchez,emanuel.sanchez738@gmail.com,+54 9 3718 7793,2024-12-15
739,Alma Mia Gonzalez,alma.mia.gonzalez739@gmail.com,+54 9 3578 7788,2025-02-21
740,Lautaro Gabriel Gonzalez,lautaro.gabriel.gonzalez740@gmail.com,+54 15 2314 6609,2024-12-19
741,Amparo Gomez,amparo.gomez741@gmail.com,+54 15 2489 9200,2026-03-21
742,Felipe Sanchez,felipe.sanchez742@gmail.com,+54 9 3969 5922,2025-01-14
743,Mateo Benjamin Torres,mateo.benjamin.torres743@gmail.com,+54 15 2524 1908,2025-09-11
744,Manuel Maldonado,manuel.maldonado744@gmail.com,+54 15 2757 0304,2025-06-11
745,Lisandro Godoy,lisandro.godoy745@gmail.com,+54 15 2476 6843,2025-09-28
746,Ivan Sanchez,ivan.sanchez746@gmail.com,+54 9 3369 8379,2024-09-18
747,Valentina Fernandez,valentina.fernandez747@gmail.com,+54 9 3590 7537,2026-02-16
748,Martín Ruiz,martin.ruiz748@gmail.com,+54 15 2371 9209,2025-04-28
749,Bautista Benjamin Torres,bautista.benjamin.torres749@gmail.com,+54 9 3716 9216,2026-01-16
750,Sara Juarez,sara.juarez750@gmail.com,+54 9 3124 2495,2024-11-06
751,Valentina Jazmin Gomez,valentina.jazmin.gomez751@gmail.com,+54 15 2387 1289,2024-12-08
752,Bianca Gonzalez,bianca.gonzalez752@gmail.com,+54 15 2543 4018,2026-04-19
753,Lautaro Benjamin Godoy,lautaro.benjamin.godoy753@gmail.com,+54 9 3943 7997,2025-03-24
754,Matias Gonzalez,matias.gonzalez754@gmail.com,+54 9 3184 3825,2024-11-14
755,Matias Gutierrez,matias.gutierrez755@gmail.com,+54 15 2265 0090,2025-01-08
756,Franco Vargas,franco.vargas756@gmail.com,+54 9 3421 2525,2026-03-19
757,Julieta Cabrera,julieta.cabrera757@gmail.com,+54 15 2348 5346,2026-06-15
758,Catalina Soto,catalina.soto758@gmail.com,+54 9 3201 0224,2025-10-12
759,Thiago Valentin Alvarez,thiago.valentin.alvarez759@gmail.com,+54 9 3457 4214,2026-01-31
760,Tomas Ruiz,tomas.ruiz760@gmail.com,+54 9 3974 4494,2025-03-25
761,Thiago Leonel Coronel,thiago.leonel.coronel761@gmail.com,+54 15 2915 6323,2026-03-09
762,Ian Benjamin Gomez,ian.benjamin.gomez762@gmail.com,+54 15 2317 7340,2024-10-28
763,Ciro Benjamin Navarro,ciro.benjamin.navarro763@gmail.com,+54 9 3970 2060,2025-10-15
764,Catalina Blanco,catalina.blanco764@gmail.com,+54 9 3893 7690,2026-05-20
765,Alma Benitez,alma.benitez765@gmail.com,+54 15 2640 9056,2025-02-16
766,Joaquin Villalba,joaquin.villalba766@gmail.com,+54 15 2249 0220,2026-04-09
767,Lola Miranda,lola.miranda767@gmail.com,+54 9 3959 7281,2026-01-06
768,Victoria Barrios,victoria.barrios768@gmail.com,+54 15 2994 9738,2025-11-16
769,Bautista Garcia,bautista.garcia769@gmail.com,+54 15 2417 6793,2025-03-05
770,Lola Miranda,lola.miranda770@gmail.com,+54 9 3782 9174,2025-03-01
771,Simon Rojas,simon.rojas771@gmail.com,+54 15 2623 5848,2025-01-18
772,Sol Moreno,sol.moreno772@gmail.com,+54 15 2813 6535,2025-04-11
773,Santino Sanchez,santino.sanchez773@gmail.com,+54 9 3908 4258,2025-05-14
774,Ana Paula Castillo,ana.paula.castillo774@gmail.com,+54 9 3225 7129,2026-05-22
775,Luisana Maidana,luisana.maidana775@gmail.com,+54 15 2318 4848,2024-09-05
776,Catalina Carrizo,catalina.carrizo776@gmail.com,+54 9 3903 1666,2025-02-20
777,Santiago Benjamin Rodriguez,santiago.benjamin.rodriguez777@gmail.com,+54 15 2103 8158,2026-06-01
778,Maria Luz Vazquez,maria.luz.vazquez778@gmail.com,+54 9 3657 6827,2025-11-23
779,Milena Fernandez,milena.fernandez779@gmail.com,+54 9 3420 0715,2026-04-12
780,Olivia Diaz,olivia.diaz780@gmail.com,+54 9 3267 6231,2024-09-21
781,Simon Carrizo,simon.carrizo781@gmail.com,+54 15 2301 2723,2024-06-29
782,Josefina Luna,josefina.luna782@gmail.com,+54 15 2626 7337,2024-10-24
783,Luz Maria Blanco,luz.maria.blanco783@gmail.com,+54 15 2861 5057,2025-08-09
784,Lautaro Benjamin Rodriguez,lautaro.benjamin.rodriguez784@gmail.com,+54 15 2644 5404,2025-12-09
785,Bautista Gonzalez,bautista.gonzalez785@gmail.com,+54 15 2105 2479,2024-07-20
786,Francisco Rodriguez,francisco.rodriguez786@gmail.com,+54 9 3562 8958,2025-08-24
787,Morena Sosa,morena.sosa787@gmail.com,+54 15 2318 0113,2025-08-09
788,Lautaro Ezequiel Alvarez,lautaro.ezequiel.alvarez788@gmail.com,+54 9 3688 2723,2025-02-13
789,Emanuel Gonzalez,emanuel.gonzalez789@gmail.com,+54 15 2699 9785,2026-01-15
790,Sofia Romero,sofia.romero790@gmail.com,+54 9 3867 2560,2025-10-06
791,Maria Victoria Gomez,maria.victoria.gomez791@gmail.com,+54 15 2980 4946,2025-10-09
792,Juan Ignacio Vega,juan.ignacio.vega792@gmail.com,+54 9 3288 0419,2026-03-08
793,Juan Ignacio Garcia,juan.ignacio.garcia793@gmail.com,+54 9 3761 6647,2025-03-17
794,Santino Torres,santino.torres794@gmail.com,+54 9 3635 4160,2026-01-08
795,Uma Sanchez,uma.sanchez795@gmail.com,+54 15 2839 6683,2025-10-21
796,Lautaro Benjamin Soria,lautaro.benjamin.soria796@gmail.com,+54 15 2830 1527,2025-03-31
797,Delfina Moreno,delfina.moreno797@gmail.com,+54 15 2134 6074,2024-11-10
798,Thiago Benjamin Romero,thiago.benjamin.romero798@gmail.com,+54 9 3342 8311,2026-03-21
799,Thiago Ezequiel Molina,thiago.ezequiel.molina799@gmail.com,+54 9 3581 7733,2025-05-22
800,Franco Caceres,franco.caceres800@gmail.com,+54 15 2639 0878,2026-02-18
801,Pedro Gomez,pedro.gomez801@gmail.com,+54 9 3148 9477,2026-01-20
802,Juan Cruz Pereyra,juan.cruz.pereyra802@gmail.com,+54 9 3242 9353,2025-01-06
803,Valentin Nuñez,valentin.nunez803@gmail.com,+54 15 2532 6201,2026-01-19
804,Sofia Belen Medina,sofia.belen.medina804@gmail.com,+54 9 3570 1914,2025-02-25
805,Santino Fernandez,santino.fernandez805@gmail.com,+54 15 2168 5733,2026-01-07
806,Emilia Ruiz,emilia.ruiz806@gmail.com,+54 15 2955 7671,2025-05-26
807,Lucas Ezequiel Soria,lucas.ezequiel.soria807@gmail.com,+54 15 2125 3768,2025-03-13
808,Luciano Benjamin Morales,luciano.benjamin.morales808@gmail.com,+54 9 3972 2583,2026-05-27
809,Ignacio Gomez,ignacio.gomez809@gmail.com,+54 9 3424 0142,2026-06-11
810,Martina Rodriguez,martina.rodriguez810@gmail.com,+54 15 2722 7571,2025-01-17
811,Valentin Aguirre,valentin.aguirre811@gmail.com,+54 9 3302 1063,2025-02-17
812,Joaquin Herrera,joaquin.herrera812@gmail.com,+54 9 3978 8799,2026-06-08
813,Mia Morena Gomez,mia.morena.gomez813@gmail.com,+54 15 2772 8026,2025-11-05
814,Benjamin Rodriguez,benjamin.rodriguez814@gmail.com,+54 9 3974 5286,2026-02-11
815,Maite Sosa,maite.sosa815@gmail.com,+54 9 3628 2762,2024-12-03
816,Mateo Rodriguez,mateo.rodriguez816@gmail.com,+54 9 3326 2141,2026-04-15
817,Manuel Cruz,manuel.cruz817@gmail.com,+54 15 2274 4453,2025-12-12
818,Lucio Gonzalez,lucio.gonzalez818@gmail.com,+54 9 3171 0972,2026-02-17
819,Tiziana Fernandez,tiziana.fernandez819@gmail.com,+54 15 2816 7488,2026-04-16
820,Camila Gomez,camila.gomez820@gmail.com,+54 9 3436 7731,2025-12-20
821,Lucía  Escobar,lucia..escobar821@gmail.com,+54 9 3849 8091,2024-12-09
822,Camila Perez,camila.perez822@gmail.com,+54 9 3589 0741,2025-07-18
823,Valentina Jazmin Ledesma,valentina.jazmin.ledesma823@gmail.com,+54 15 2539 3997,2026-02-14
824,Felipe Morales,felipe.morales824@gmail.com,+54 15 2363 2824,2025-03-08
825,Benjamin Martinez,benjamin.martinez825@gmail.com,+54 9 3965 8885,2025-09-24
826,Mateo Agustin Gonzalez,mateo.agustin.gonzalez826@gmail.com,+54 15 2481 9488,2024-08-21
827,Constanza Hernandez,constanza.hernandez827@gmail.com,+54 15 2213 4969,2024-09-30
828,Luca Benitez,luca.benitez828@gmail.com,+54 9 3695 4658,2025-08-11
829,Santiago Gomez,santiago.gomez829@gmail.com,+54 9 3372 7825,2026-06-12
830,Julieta Vega,julieta.vega830@gmail.com,+54 15 2868 0089,2024-10-19
831,Antonio Barrios,antonio.barrios831@gmail.com,+54 15 2569 2949,2025-04-17
832,Sofia Perez,sofia.perez832@gmail.com,+54 15 2588 4654,2025-11-16
833,Tomas Pereyra,tomas.pereyra833@gmail.com,+54 9 3529 2495,2025-03-03
834,Maria Victoria Gomez,maria.victoria.gomez834@gmail.com,+54 9 3288 9179,2026-05-20
835,Zoe Jazmin Gonzalez,zoe.jazmin.gonzalez835@gmail.com,+54 15 2613 2980,2025-09-11
836,Felipe Torres,felipe.torres836@gmail.com,+54 9 3468 4232,2026-01-14
837,Juliana Ramirez,juliana.ramirez837@gmail.com,+54 9 3459 3130,2025-12-29
838,Martina Molina,martina.molina838@gmail.com,+54 9 3722 3428,2025-08-06
839,Tomàs Romero,tomas.romero839@gmail.com,+54 9 3106 4821,2026-03-13
840,Bianca Silva,bianca.silva840@gmail.com,+54 15 2411 6605,2025-12-25
841,León Benitez,leon.benitez841@gmail.com,+54 9 3299 9773,2025-11-09
842,Amparo Lopez,amparo.lopez842@gmail.com,+54 15 2897 0524,2025-01-23
843,Valentino Rodriguez,valentino.rodriguez843@gmail.com,+54 15 2607 1903,2025-05-25
844,Milagros Gonzalez,milagros.gonzalez844@gmail.com,+54 15 2742 6068,2025-06-21
845,Juan Moreno,juan.moreno845@gmail.com,+54 9 3952 4633,2026-02-09
846,Delfina Gonzalez,delfina.gonzalez846@gmail.com,+54 15 2356 2527,2024-11-03
847,Sofia Belen Lopez,sofia.belen.lopez847@gmail.com,+54 9 3662 4087,2025-09-02
848,Benjamin Garcia,benjamin.garcia848@gmail.com,+54 9 3791 4021,2026-06-12
849,Jazmin Soto,jazmin.soto849@gmail.com,+54 9 3714 7899,2024-07-19
850,Juan Cruz Guzman,juan.cruz.guzman850@gmail.com,+54 9 3178 9396,2025-01-01
851,Bianca Gonzalez,bianca.gonzalez851@gmail.com,+54 15 2903 7630,2025-12-08
852,Santino Benjamin Lopez,santino.benjamin.lopez852@gmail.com,+54 15 2822 6948,2026-05-19
853,Justina Correa,justina.correa853@gmail.com,+54 15 2416 7870,2026-06-20
854,Federico Martinez,federico.martinez854@gmail.com,+54 9 3536 8153,2025-05-11
855,Valentina Quiroga,valentina.quiroga855@gmail.com,+54 9 3427 1851,2025-06-08
856,Thiago Agustin Navarro,thiago.agustin.navarro856@gmail.com,+54 15 2986 1730,2024-11-02
857,Santino Herrera,santino.herrera857@gmail.com,+54 15 2517 9445,2024-08-17
858,Felicitas Mendez,felicitas.mendez858@gmail.com,+54 15 2823 2875,2026-05-11
859,Nahuel Torres,nahuel.torres859@gmail.com,+54 15 2701 2736,2025-05-20
860,Francisco Olivera,francisco.olivera860@gmail.com,+54 9 3644 2468,2024-08-10
861,Josefina Soria,josefina.soria861@gmail.com,+54 15 2823 2804,2025-08-26
862,Lautaro Navarro,lautaro.navarro862@gmail.com,+54 15 2931 2855,2026-02-23
863,Morena Barrios,morena.barrios863@gmail.com,+54 9 3791 6094,2024-12-15
864,Valentina Sosa,valentina.sosa864@gmail.com,+54 9 3730 3289,2025-05-13
865,Luca Avila,luca.avila865@gmail.com,+54 15 2344 7772,2025-04-22
866,Emilia Lopez,emilia.lopez866@gmail.com,+54 15 2712 4037,2025-04-14
867,Juan Bautista Nuñez,juan.bautista.nunez867@gmail.com,+54 9 3179 7113,2025-05-03
868,Isabella Fernandez,isabella.fernandez868@gmail.com,+54 15 2356 9958,2025-03-27
869,Franco Sanchez,franco.sanchez869@gmail.com,+54 15 2582 8508,2024-11-23
870,Tiziano Benjamin Martinez,tiziano.benjamin.martinez870@gmail.com,+54 9 3655 7086,2026-05-05
871,Matias Benitez,matias.benitez871@gmail.com,+54 15 2560 7690,2024-07-07
872,Lucía Gomez,lucia.gomez872@gmail.com,+54 15 2483 8750,2025-09-01
873,Santino Lucero,santino.lucero873@gmail.com,+54 9 3943 0961,2025-09-04
874,Julia Vazquez,julia.vazquez874@gmail.com,+54 9 3883 4030,2025-09-12
875,Alvaro Farias,alvaro.farias875@gmail.com,+54 9 3896 2326,2025-11-07
876,Mateo Benjamin Diaz,mateo.benjamin.diaz876@gmail.com,+54 15 2618 8086,2025-06-16
877,Emilia Fernandez,emilia.fernandez877@gmail.com,+54 9 3765 1489,2026-05-17
878,Alma Mia Acosta,alma.mia.acosta878@gmail.com,+54 9 3276 8328,2025-08-23
879,Guadalupe Rodriguez,guadalupe.rodriguez879@gmail.com,+54 15 2659 6060,2026-02-26
880,Florencia Lucero,florencia.lucero880@gmail.com,+54 15 2552 6791,2025-05-09
881,Delfina Diaz,delfina.diaz881@gmail.com,+54 9 3397 0972,2024-10-08
882,Mateo Gomez,mateo.gomez882@gmail.com,+54 15 2593 5448,2025-12-01
883,Lucas Benjamin Garcia,lucas.benjamin.garcia883@gmail.com,+54 15 2718 0255,2026-06-21
884,Ambar Suarez,ambar.suarez884@gmail.com,+54 9 3355 9409,2025-05-22
885,Benjamin Moreno,benjamin.moreno885@gmail.com,+54 9 3362 0030,2025-02-19
886,Martina Sanchez,martina.sanchez886@gmail.com,+54 9 3658 9190,2025-09-19
887,Nicolas Alvarez,nicolas.alvarez887@gmail.com,+54 9 3945 3195,2025-05-20
888,Francesca Gonzalez,francesca.gonzalez888@gmail.com,+54 15 2906 8971,2025-05-16
889,Camilo Gomez,camilo.gomez889@gmail.com,+54 15 2124 6599,2024-10-13
890,Lucas Gonzalez,lucas.gonzalez890@gmail.com,+54 9 3765 0341,2025-07-22
891,Emanuel Martinez,emanuel.martinez891@gmail.com,+54 15 2421 4159,2025-12-08
892,Lautaro Ortiz,lautaro.ortiz892@gmail.com,+54 15 2401 9954,2026-04-19
893,Lucio Acosta,lucio.acosta893@gmail.com,+54 15 2714 3152,2026-01-12
894,Benjamin Roldan,benjamin.roldan894@gmail.com,+54 15 2137 4888,2025-01-02
895,Julieta Martinez,julieta.martinez895@gmail.com,+54 15 2592 1760,2025-04-24
896,Mateo Correa,mateo.correa896@gmail.com,+54 9 3967 1002,2024-07-19
897,Alfonsina Sosa,alfonsina.sosa897@gmail.com,+54 15 2857 5165,2024-06-30
898,Tomàs Dominguez,tomas.dominguez898@gmail.com,+54 9 3691 7907,2025-02-17
899,Martina Gomez,martina.gomez899@gmail.com,+54 15 2217 7350,2024-08-25
900,Morena Jazmin Martinez,morena.jazmin.martinez900@gmail.com,+54 9 3746 1463,2024-09-13
901,Benicio Garcia,benicio.garcia901@gmail.com,+54 9 3613 3272,2025-08-05
902,Catalina Gomez,catalina.gomez902@gmail.com,+54 15 2275 8763,2026-04-19
903,Francesca Morales,francesca.morales903@gmail.com,+54 15 2379 3914,2026-05-05
904,Francesca Sanchez,francesca.sanchez904@gmail.com,+54 15 2782 6162,2024-07-04
905,Sofía Gutierrez,sofia.gutierrez905@gmail.com,+54 15 2150 7170,2025-05-18
906,Josefina Perez,josefina.perez906@gmail.com,+54 9 3534 0429,2024-09-15
907,Valentin Gimenez,valentin.gimenez907@gmail.com,+54 9 3777 9433,2024-09-16
908,Antonia Gonzalez,antonia.gonzalez908@gmail.com,+54 15 2183 7714,2024-11-01
909,Zoe Blanco,zoe.blanco909@gmail.com,+54 9 3889 3786,2026-01-21
910,León Fernandez,leon.fernandez910@gmail.com,+54 15 2962 9901,2026-03-07
911,Lorenzo Torres,lorenzo.torres911@gmail.com,+54 15 2680 1625,2026-04-17
912,Camila Castro,camila.castro912@gmail.com,+54 9 3528 6640,2024-12-16
913,Santino Duarte,santino.duarte913@gmail.com,+54 9 3404 3545,2025-06-03
914,Joaquin Ojeda,joaquin.ojeda914@gmail.com,+54 15 2740 8049,2025-04-29
915,Thiago Nahuel Diaz,thiago.nahuel.diaz915@gmail.com,+54 15 2235 4020,2025-11-06
916,Tomàs Cabrera,tomas.cabrera916@gmail.com,+54 9 3190 3278,2025-11-25
917,Faustino Acosta,faustino.acosta917@gmail.com,+54 15 2836 2922,2025-02-21
918,Sebastian Juarez,sebastian.juarez918@gmail.com,+54 15 2493 0817,2025-05-17
919,Giovanni Acosta,giovanni.acosta919@gmail.com,+54 9 3673 3864,2026-02-03
920,Juana Silva,juana.silva920@gmail.com,+54 15 2963 7387,2025-03-22
921,Valentino Perez,valentino.perez921@gmail.com,+54 15 2963 5815,2026-04-04
922,Martina Castillo,martina.castillo922@gmail.com,+54 9 3771 8695,2024-08-15
923,Joaquin Ortiz,joaquin.ortiz923@gmail.com,+54 15 2555 1274,2026-02-20
924,Pedro Gonzalez,pedro.gonzalez924@gmail.com,+54 15 2513 3796,2026-01-29
925,Santiago Nicolas Aguero,santiago.nicolas.aguero925@gmail.com,+54 9 3930 1703,2025-05-29
926,Maximo Morales,maximo.morales926@gmail.com,+54 15 2774 8772,2025-01-20
927,Martina Martinez,martina.martinez927@gmail.com,+54 9 3400 4702,2026-05-07
928,Guillermina Fernandez,guillermina.fernandez928@gmail.com,+54 9 3800 0947,2024-08-16
929,Joaquin Alvarez,joaquin.alvarez929@gmail.com,+54 9 3865 7561,2024-12-04
930,Antonio Suarez,antonio.suarez930@gmail.com,+54 9 3393 0097,2025-12-31
931,Lorenzo Benitez,lorenzo.benitez931@gmail.com,+54 9 3985 8430,2025-04-06
932,Santino Agustin Torres,santino.agustin.torres932@gmail.com,+54 15 2241 0660,2025-06-26
933,Lucía Fernandez,lucia.fernandez933@gmail.com,+54 15 2577 6866,2026-03-01
934,Miguel Angel Escobar,miguel.angel.escobar934@gmail.com,+54 15 2702 3903,2025-03-06
935,Delfina Caceres,delfina.caceres935@gmail.com,+54 9 3150 5826,2025-10-22
936,Lautaro Benjamin Carrizo,lautaro.benjamin.carrizo936@gmail.com,+54 9 3326 5862,2025-11-09
937,Renzo Benitez,renzo.benitez937@gmail.com,+54 9 3960 1126,2025-10-05
938,Santino Nicolas Roldan,santino.nicolas.roldan938@gmail.com,+54 15 2461 5459,2025-10-24
939,Joaquin Fernandez,joaquin.fernandez939@gmail.com,+54 15 2950 5843,2025-06-12
940,Emilia Flores,emilia.flores940@gmail.com,+54 9 3924 8055,2026-01-24
941,Catalina Ledesma,catalina.ledesma941@gmail.com,+54 9 3165 1741,2026-02-12
942,Valentino Alvarez,valentino.alvarez942@gmail.com,+54 15 2970 9303,2025-04-30
943,Olivia Diaz,olivia.diaz943@gmail.com,+54 15 2289 2594,2025-08-22
944,Agustina Rojas,agustina.rojas944@gmail.com,+54 9 3545 6310,2025-12-16
945,Maximiliano Coronel,maximiliano.coronel945@gmail.com,+54 15 2418 5148,2025-01-14
946,Renata Alvarez,renata.alvarez946@gmail.com,+54 15 2974 5055,2026-05-12
947,Carmela Moyano,carmela.moyano947@gmail.com,+54 15 2993 0938,2025-05-04
948,Fausto Cabrera,fausto.cabrera948@gmail.com,+54 15 2927 6978,2025-11-08
949,Emma Ruiz,emma.ruiz949@gmail.com,+54 15 2831 9168,2025-11-12
950,Lautaro Nahuel Rojas,lautaro.nahuel.rojas950@gmail.com,+54 15 2851 2039,2025-04-24
951,Juan Ignacio Leiva,juan.ignacio.leiva951@gmail.com,+54 9 3744 7795,2024-09-04
952,Lautaro Cabrera,lautaro.cabrera952@gmail.com,+54 9 3517 8408,2025-05-16
953,Isabella Alvarez,isabella.alvarez953@gmail.com,+54 9 3244 6583,2026-04-29
954,Julieta Castro,julieta.castro954@gmail.com,+54 9 3469 7748,2026-06-17
955,Thiago Lucero,thiago.lucero955@gmail.com,+54 15 2332 0474,2026-03-26
956,Mia Soria,mia.soria956@gmail.com,+54 9 3380 3247,2025-04-23
957,Lucas Rodriguez,lucas.rodriguez957@gmail.com,+54 9 3695 0189,2026-01-22
958,Maria Belen Ortiz,maria.belen.ortiz958@gmail.com,+54 15 2495 1694,2025-03-26
959,Juan Cruz Gonzalez,juan.cruz.gonzalez959@gmail.com,+54 15 2279 4516,2025-11-24
960,Isabella Molina,isabella.molina960@gmail.com,+54 9 3171 8876,2025-10-11
961,Thiago Benjamin Muñoz,thiago.benjamin.munoz961@gmail.com,+54 15 2983 0376,2025-10-18
962,Ian Benjamin Silva,ian.benjamin.silva962@gmail.com,+54 9 3985 0130,2025-07-11
963,Zoe Jazmin Vargas,zoe.jazmin.vargas963@gmail.com,+54 9 3295 1173,2025-04-27
964,Miguel Angel Gomez,miguel.angel.gomez964@gmail.com,+54 15 2939 4558,2024-07-05
965,Mateo Agustin Silva,mateo.agustin.silva965@gmail.com,+54 9 3699 9538,2026-02-03
966,Benjamin Castro,benjamin.castro966@gmail.com,+54 15 2158 0190,2024-06-25
967,Violeta Vega,violeta.vega967@gmail.com,+54 15 2980 2361,2026-05-10
968,Felipe Roldan,felipe.roldan968@gmail.com,+54 15 2107 5152,2025-08-11
969,Victoria Rojas,victoria.rojas969@gmail.com,+54 9 3173 5853,2025-07-26
970,Valentino Torres,valentino.torres970@gmail.com,+54 15 2197 6663,2024-12-08
971,Sofía Rodriguez,sofia.rodriguez971@gmail.com,+54 9 3832 9247,2026-05-22
972,Valentin Carrizo,valentin.carrizo972@gmail.com,+54 9 3709 1390,2025-12-24
973,Mateo Gonzalez,mateo.gonzalez973@gmail.com,+54 9 3606 8646,2025-10-22
974,Valentin Gomez,valentin.gomez974@gmail.com,+54 9 3301 8879,2025-03-21
975,Malena Lopez,malena.lopez975@gmail.com,+54 9 3761 0863,2025-12-18
976,Benjamin Ruiz,benjamin.ruiz976@gmail.com,+54 9 3403 8588,2025-12-20
977,Paloma Pereyra,paloma.pereyra977@gmail.com,+54 9 3149 7617,2024-09-03
978,Mateo Diaz,mateo.diaz978@gmail.com,+54 15 2846 4596,2025-08-25
979,Catalina Gimenez,catalina.gimenez979@gmail.com,+54 15 2387 0587,2024-07-22
980,Octavio Gonzalez,octavio.gonzalez980@gmail.com,+54 9 3634 5514,2024-09-22
981,Alma Jazmin Romero,alma.jazmin.romero981@gmail.com,+54 15 2412 6914,2025-05-05
982,Santino Paz,santino.paz982@gmail.com,+54 9 3850 4491,2024-12-15
983,Charo Ruiz,charo.ruiz983@gmail.com,+54 9 3400 9047,2024-08-24
984,Lisandro Medina,lisandro.medina984@gmail.com,+54 15 2707 6606,2025-08-26
985,Ambar Ponce,ambar.ponce985@gmail.com,+54 9 3438 2179,2024-10-16
986,Santiago Diaz,santiago.diaz986@gmail.com,+54 15 2840 7131,2024-12-09
987,Valentina Jazmin Roldan,valentina.jazmin.roldan987@gmail.com,+54 9 3985 6485,2026-05-09
988,Rafael Godoy,rafael.godoy988@gmail.com,+54 9 3300 1330,2026-04-02
989,Benjamin Acosta,benjamin.acosta989@gmail.com,+54 9 3242 3907,2026-06-16
990,Juan Martin Campos,juan.martin.campos990@gmail.com,+54 9 3544 6939,2025-05-11
991,Catalina Ruiz,catalina.ruiz991@gmail.com,+54 9 3184 6639,2024-11-21
992,Lucas Paz,lucas.paz992@gmail.com,+54 9 3912 7495,2024-09-20
993,Pilar Diaz,pilar.diaz993@gmail.com,+54 15 2534 4946,2024-08-10
994,Jazmin Carrizo,jazmin.carrizo994@gmail.com,+54 9 3329 6437,2026-06-16
995,Emilia Perez,emilia.perez995@gmail.com,+54 9 3429 2556,2026-03-27
996,Bautista Cardozo,bautista.cardozo996@gmail.com,+54 9 3435 7313,2025-03-07
997,Santino Valdez,santino.valdez997@gmail.com,+54 15 2979 4187,2026-01-05
998,Uma  Garcia,uma..garcia998@gmail.com,+54 15 2755 3650,2024-12-15
999,Juana Garcia,juana.garcia999@gmail.com,+54 9 3570 6862,2025-10-15
1000,Bastian Garcia,bastian.garcia1000@gmail.com,+54 15 2360 9863,2024-10-01
